PIEC,IR854,0005,PIE A,132132704,20200331,Mr. Investor A,010000793,12300001CXD,28.00,Y,980.00,175.00,148.40,100.00,4.50,15.00,0.00,0.00,0.00,0.00,0.00,0.00,19750815,20 Test Street Testville,NZ,investorA@gmail.com,,0,562762.25 
PIEJ,Miss Investor A,132132704,19840321,20 Test Street Testville,NZ,investorjoint@gmail.com, 
PIEC,IR854,0005,PIE A,132132704,20200331,Mrs. Investor XYZ,010000769,13412301CXG,17.50,N,735.00,125.00,18.33,0.00,0.00,0.00,0.00,0.00,0.00,0.00,0.00,0.00,19870722,12 Bee Street Tauranga,NZ,,,0,80000.00 
PIEC,IR854,0005,PIE A,132132704,20200331,Dr. Investor B,010000702,75600001-XZX,17.50,N,-500.00,25.00,122.50,0.00,0.00,0.00,0.00,0.00,0.00,0.00,0.00,0.00,19680121,15 Simpson Street Springfield,NZ,Drinvestor@gmail.com,027123456,0,970644.63 
PIEJ,Mrs Investor B,132132704,19700914,15 Simpson Street Springfield,NZ,,021456789 
PIEC,IR854,0005,PIE A,132132704,20200331,John Investor,010000378,4EXCDFTH-CXD,0.00,N,25000.00,0.00,0.00,0.00,0.00,0.00,0.00,450.00,10.00,-250.00,-1500.00,0.00,19721226,56 Johnson Street Manchester,GB,,028987654,AB123456Z,123456.25