HEI,48125352,20200403,N,N,,John Jones,63048474,me@mycompany.co.nz,16,201333,33584,32376,26040,21585,4455,306685,12688,0,926048,0,Vendor_Package_v1.0,1
DEI,48125360,Chen Paige,M,,,20200325,20200331,WK,57878,0,,9048,2099,,0,1736,1439,297,793,0
DEI,48125379,Melton Sherri,M SL,,,20200325,20200331,WK,57878,0,,9048,2099,,2316,1736,1439,297,793,0
DEI,48125387,Hill Gretchen,ME,,,20200325,20200331,WK,57878,0,,8048,2099,,0,1736,1439,297,793,0
DEI,48125395,Puckett Karen,ME SL,,,20200325,20200331,WK,57878,0,,8048,2099,,2316,1736,1439,297,793,0
DEI,48125409,Song Patrick,SB SL,,,20200325,20200331,WK,57878,0,,6872,2099,,6936,1736,1439,297,793,0
DEI,48125417,Hamilton Elsie,S,,,20200325,20200331,WK,57878,0,,10918,2099,,0,1736,1439,297,793,0
DEI,48125425,Bender Hazel,SB,,,20200325,20200331,WK,57878,0,,6872,2099,,0,1736,1439,297,793,0
DEI,48125433,Wagner Malcolm,SH,,,20200325,20200331,WK,57878,0,,18143,2099,,0,1736,1439,297,793,0
DEI,48125441,McLaughlin Dolores,ST,,,20200325,20200331,WK,57878,0,,19877,2099,,0,1736,1439,297,793,0
DEI,48125451,McNamara Francis,S SL,,,20200325,20200331,WK,57878,0,,10918,2099,,6936,1736,1439,297,793,0
DEI,48125468,Raynor Sandy,SH SL,,,20200325,20200331,WK,57878,0,,18143,2099,,6936,1736,1439,297,793,0
DEI,48125476,Moon Marion,ST SL,,,20200325,20200331,WK,57878,0,,19877,2099,,6936,1736,1439,297,793,0
DEI,48125484,Woodard Beth,CAE,,,20200325,20200331,WK,57878,0,,10918,2099,,0,1736,1439,297,793,0
DEI,48125492,Desai Julia,EDW,,,20200325,20200331,WK,57878,0,,10918,2099,,0,1736,1439,297,793,0
DEI,48125506,Wallace Jerome,ND,,,20200325,20200331,WK,57878,0,,26813,2099,,0,1736,1439,297,793,0
DEI,48125514,Lawrence Neal,NSW,,,20200325,20200331,WK,57878,0,,6872,2099,,0,0,0,0,793,0
HEI,48125352,20200410,N,N,,John Jones,63048474,me@mycompany.co.nz,16,201333,33584,32376,26040,21585,4455,306685,12688,0,926048,0,Vendor_Package_v1.0,1
DEI,48125360,Chen Paige,M,,,20200401,20200407,WK,57878,0,,9048,2099,,0,1736,1439,297,793,0
DEI,48125379,Melton Sherri,M SL,,,20200401,20200407,WK,57878,0,,9048,2099,,2316,1736,1439,297,793,0
DEI,48125387,Hill Gretchen,ME,,,20200401,20200407,WK,57878,0,,8048,2099,,0,1736,1439,297,793,0
DEI,48125395,Puckett Karen,ME SL,,,20200401,20200407,WK,57878,0,,8048,2099,,2316,1736,1439,297,793,0
DEI,48125409,Song Patrick,SB SL,,,20200401,20200407,WK,57878,0,,6872,2099,,6936,1736,1439,297,793,0
DEI,48125417,Hamilton Elsie,S,,,20200401,20200407,WK,57878,0,,10918,2099,,0,1736,1439,297,793,0
DEI,48125425,Bender Hazel,SB,,,20200401,20200407,WK,57878,0,,6872,2099,,0,1736,1439,297,793,0
DEI,48125433,Wagner Malcolm,SH,,,20200401,20200407,WK,57878,0,,18143,2099,,0,1736,1439,297,793,0
DEI,48125441,McLaughlin Dolores,ST,,,20200401,20200407,WK,57878,0,,19877,2099,,0,1736,1439,297,793,0
DEI,48125451,McNamara Francis,S SL,,,20200401,20200407,WK,57878,0,,10918,2099,,6936,1736,1439,297,793,0
DEI,48125468,Raynor Sandy,SH SL,,,20200401,20200407,WK,57878,0,,18143,2099,,6936,1736,1439,297,793,0
DEI,48125476,Moon Marion,ST SL,,,20200401,20200407,WK,57878,0,,19877,2099,,6936,1736,1439,297,793,0
DEI,48125484,Woodard Beth,CAE,,,20200401,20200407,WK,57878,0,,10918,2099,,0,1736,1439,297,793,0
DEI,48125492,Desai Julia,EDW,,,20200401,20200407,WK,57878,0,,10918,2099,,0,1736,1439,297,793,0
DEI,48125506,Wallace Jerome,ND,,,20200401,20200407,WK,57878,0,,26813,2099,,0,1736,1439,297,793,0
DEI,48125514,Lawrence Neal,NSW,,,20200401,20200407,WK,57878,0,,6872,2099,,0,0,0,0,793,0
HEI,48125352,20200417,N,N,,John Jones,63048474,me@mycompany.co.nz,16,201333,33584,32376,26040,21585,4455,306685,12688,0,926048,0,Vendor_Package_v1.0,1
DEI,48125360,Chen Paige,M,,,20200408,20200414,WK,57878,0,,9048,2099,,0,1736,1439,297,793,0
DEI,48125379,Melton Sherri,M SL,,,20200408,20200414,WK,57878,0,,9048,2099,,2316,1736,1439,297,793,0
DEI,48125387,Hill Gretchen,ME,,,20200408,20200414,WK,57878,0,,8048,2099,,0,1736,1439,297,793,0
DEI,48125395,Puckett Karen,ME SL,,,20200408,20200414,WK,57878,0,,8048,2099,,2316,1736,1439,297,793,0
DEI,48125409,Song Patrick,SB SL,,,20200408,20200414,WK,57878,0,,6872,2099,,6936,1736,1439,297,793,0
DEI,48125417,Hamilton Elsie,S,,,20200408,20200414,WK,57878,0,,10918,2099,,0,1736,1439,297,793,0
DEI,48125425,Bender Hazel,SB,,,20200408,20200414,WK,57878,0,,6872,2099,,0,1736,1439,297,793,0
DEI,48125433,Wagner Malcolm,SH,,,20200408,20200414,WK,57878,0,,18143,2099,,0,1736,1439,297,793,0
DEI,48125441,McLaughlin Dolores,ST,,,20200408,20200414,WK,57878,0,,19877,2099,,0,1736,1439,297,793,0
DEI,48125451,McNamara Francis,S SL,,,20200408,20200414,WK,57878,0,,10918,2099,,6936,1736,1439,297,793,0
DEI,48125468,Raynor Sandy,SH SL,,,20200408,20200414,WK,57878,0,,18143,2099,,6936,1736,1439,297,793,0
DEI,48125476,Moon Marion,ST SL,,,20200408,20200414,WK,57878,0,,19877,2099,,6936,1736,1439,297,793,0
DEI,48125484,Woodard Beth,CAE,,,20200408,20200414,WK,57878,0,,10918,2099,,0,1736,1439,297,793,0
DEI,48125492,Desai Julia,EDW,,,20200408,20200414,WK,57878,0,,10918,2099,,0,1736,1439,297,793,0
DEI,48125506,Wallace Jerome,ND,,,20200408,20200414,WK,57878,0,,26813,2099,,0,1736,1439,297,793,0
DEI,48125514,Lawrence Neal,NSW,,,20200408,20200414,WK,57878,0,,6872,2099,,0,0,0,0,793,0
HEI,48125352,20200424,N,N,,John Jones,63048474,me@mycompany.co.nz,16,201333,33584,32376,26040,21585,4455,306685,12688,0,926048,0,Vendor_Package_v1.0,1
DEI,48125360,Chen Paige,M,,,20200415,20200421,WK,57878,0,,9048,2099,,0,1736,1439,297,793,0
DEI,48125379,Melton Sherri,M SL,,,20200415,20200421,WK,57878,0,,9048,2099,,2316,1736,1439,297,793,0
DEI,48125387,Hill Gretchen,ME,,,20200415,20200421,WK,57878,0,,8048,2099,,0,1736,1439,297,793,0
DEI,48125395,Puckett Karen,ME SL,,,20200415,20200421,WK,57878,0,,8048,2099,,2316,1736,1439,297,793,0
DEI,48125409,Song Patrick,SB SL,,,20200415,20200421,WK,57878,0,,6872,2099,,6936,1736,1439,297,793,0
DEI,48125417,Hamilton Elsie,S,,,20200415,20200421,WK,57878,0,,10918,2099,,0,1736,1439,297,793,0
DEI,48125425,Bender Hazel,SB,,,20200415,20200421,WK,57878,0,,6872,2099,,0,1736,1439,297,793,0
DEI,48125433,Wagner Malcolm,SH,,,20200415,20200421,WK,57878,0,,18143,2099,,0,1736,1439,297,793,0
DEI,48125441,McLaughlin Dolores,ST,,,20200415,20200421,WK,57878,0,,19877,2099,,0,1736,1439,297,793,0
DEI,48125451,McNamara Francis,S SL,,,20200415,20200421,WK,57878,0,,10918,2099,,6936,1736,1439,297,793,0
DEI,48125468,Raynor Sandy,SH SL,,,20200415,20200421,WK,57878,0,,18143,2099,,6936,1736,1439,297,793,0
DEI,48125476,Moon Marion,ST SL,,,20200415,20200421,WK,57878,0,,19877,2099,,6936,1736,1439,297,793,0
DEI,48125484,Woodard Beth,CAE,,,20200415,20200421,WK,57878,0,,10918,2099,,0,1736,1439,297,793,0
DEI,48125492,Desai Julia,EDW,,,20200415,20200421,WK,57878,0,,10918,2099,,0,1736,1439,297,793,0
DEI,48125506,Wallace Jerome,ND,,,20200415,20200421,WK,57878,0,,26813,2099,,0,1736,1439,297,793,0
DEI,48125514,Lawrence Neal,NSW,,,20200415,20200421,WK,57878,0,,6872,2099,,0,0,0,0,793,0
HEI,48125352,20200305,N,N,,John Jones,63048474,me@mycompany.co.nz,1,123798,0,0,0,0,0,123798,0,0,461538,0,Vendor_Package_v1.0,1
DEI,48125530,Dougherty Kristine,M,,,20200218,20200303,FT,461538,0,,123798,0,,0,0,0,0,0,0
HEI,48125352,20200319,N,N,,John Jones,63048474,me@mycompany.co.nz,1,123798,0,0,0,0,0,123798,0,0,461538,0,Vendor_Package_v1.0,1
DEI,48125530,Dougherty Kristine,M,,,20200304,20200317,FT,461538,0,,123798,0,,0,0,0,0,0,0
HEI,48125352,20200402,N,N,,John Jones,63048474,me@mycompany.co.nz,1,123798,0,0,0,0,0,123798,0,0,461538,0,Vendor_Package_v1.0,1
DEI,48125530,Dougherty Kristine,M,,,20200318,20200331,FT,461538,0,,123798,0,,0,0,0,0,0,0
HEI,48125352,20200416,N,N,,John Jones,63048474,me@mycompany.co.nz,1,123798,0,0,0,0,0,123798,0,0,461538,0,Vendor_Package_v1.0,1
DEI,48125530,Dougherty Kristine,M,,,20200401,20200414,FT,461538,0,,123798,0,,0,0,0,0,0,0
HEI,48125352,20200430,N,N,,John Jones,63048474,me@mycompany.co.nz,1,123798,0,0,0,0,0,123798,0,0,461538,0,Vendor_Package_v1.0,1
DEI,48125530,Dougherty Kristine,M,,,20200415,20200428,FT,461538,0,,123798,0,,0,0,0,0,0,0
HEI,48125352,20201203,N,N,,John Jones,63048474,me@mycompany.co.nz,10,246971,0,0,0,0,0,246971,0,0,1103002,0,Vendor_Package_v1.0,1
DEI,48125786,Mangum Patricia,M,,,20201125,20201201,WK,26923,0,,3200,0,,0,0,0,0,0,0
DEI,48125794,Joseph Lois,M,,,20201125,20201201,WK,26925,0,,3201,0,,0,0,0,0,0,0
DEI,48125808,Rosenthal Louis,M,,,20201125,20201201,WK,92308,0,,15552,0,,0,0,0,0,0,0
DEI,48125816,Bowden Christina,M,,,20201125,20201201,WK,92310,0,,15552,0,,0,0,0,0,0,0
DEI,48125824,Barton Darlene,M,,,20201125,20201201,WK,134615,0,,28832,0,,0,0,0,0,0,0
DEI,48125832,Underwood Harvey,M,,,20201125,20201201,WK,134617,0,,28832,0,,0,0,0,0,0,0
DEI,48126022,Marsh Allan,M,,,20201125,20201201,WK,251750,0,,69115,0,,0,0,0,0,0,0
DEI,48126030,Hewitt Melanie,M,,,20201125,20201201,WK,251754,0,,69116,0,,0,0,0,0,0,0
DEI,48126286,McLean Dana,M,,,20201125,20201201,WK,40800,0,,5822,0,,0,0,0,0,0,0
DEI,48175660,Schultz Max,M,,,20201125,20201201,WK,51000,0,,7749,0,,0,0,0,0,0,0
HEI,48125352,20201210,N,N,,John Jones,63048474,me@mycompany.co.nz,20,740913,0,0,0,0,0,740913,0,0,3309006,0,Vendor_Package_v1.0,1
DEI,48125786,Mangum Patricia,M,,,20201202,20201208,WK,26923,0,,3200,0,,0,0,0,0,0,0
DEI,48125794,Joseph Lois,M,,,20201202,20201208,WK,26925,0,,3201,0,,0,0,0,0,0,0
DEI,48125808,Rosenthal Louis,M,,,20201202,20201208,WK,92308,0,,15552,0,,0,0,0,0,0,0
DEI,48125816,Bowden Christina,M,,,20201202,20201208,WK,92310,0,,15552,0,,0,0,0,0,0,0
DEI,48125824,Barton Darlene,M,,,20201202,20201208,WK,134615,0,,28832,0,,0,0,0,0,0,0
DEI,48125832,Underwood Harvey,M,,,20201202,20201208,WK,134617,0,,28832,0,,0,0,0,0,0,0
DEI,48125840,Jones William,M,,,20201125,20201208,FT,53846,0,,6400,0,,0,0,0,0,0,0
DEI,48125859,Baker Frederick,M,,,20201125,20201208,FT,53850,0,,6402,0,,0,0,0,0,0,0
DEI,48125867,Merritt Shirley,M,,,20201125,20201208,FT,184615,0,,31102,0,,0,0,0,0,0,0
DEI,48125875,Cross Jason,M,,,20201125,20201208,FT,184619,0,,31104,0,,0,0,0,0,0,0
DEI,48125883,Cooper Judith,M,,,20201125,20201208,FT,269231,0,,57664,0,,0,0,0,0,0,0
DEI,48125891,Holmes Getchen,M,,,20201125,20201208,FT,269235,0,,57666,0,,0,0,0,0,0,0
DEI,48126022,Marsh Allan,M,,,20201202,20201208,WK,251750,0,,69115,0,,0,0,0,0,0,0
DEI,48126030,Hewitt Melanie,M,,,20201202,20201208,WK,251754,0,,69116,0,,0,0,0,0,0,0
DEI,48126049,Branch Marianne,M,,,20201125,20201208,FT,503500,0,,138230,0,,0,0,0,0,0,0
DEI,48126057,Walton Natalie,M,,,20201125,20201208,FT,503508,0,,138232,0,,0,0,0,0,0,0
DEI,48126286,McLean Dana,M,,,20201202,20201208,WK,40800,0,,5822,0,,0,0,0,0,0,0
DEI,48126294,Christian Jennifer,M,,,20201125,20201208,FT,81600,0,,11644,0,,0,0,0,0,0,0
DEI,48175660,Schultz Max,M,,,20201202,20201208,WK,51000,0,,7749,0,,0,0,0,0,0,0
DEI,48175678,Perez Holly,M,,,20201125,20201208,FT,102000,0,,15498,0,,0,0,0,0,0,0
HEI,48125352,20201217,N,N,,John Jones,63048474,me@mycompany.co.nz,10,246971,0,0,0,0,0,246971,0,0,1103002,0,Vendor_Package_v1.0,1
DEI,48125786,Mangum Patricia,M,,,20201209,20201215,WK,26923,0,,3200,0,,0,0,0,0,0,0
DEI,48125794,Joseph Lois,M,,,20201209,20201215,WK,26925,0,,3201,0,,0,0,0,0,0,0
DEI,48125808,Rosenthal Louis,M,,,20201209,20201215,WK,92308,0,,15552,0,,0,0,0,0,0,0
DEI,48125816,Bowden Christina,M,,,20201209,20201215,WK,92310,0,,15552,0,,0,0,0,0,0,0
DEI,48125824,Barton Darlene,M,,,20201209,20201215,WK,134615,0,,28832,0,,0,0,0,0,0,0
DEI,48125832,Underwood Harvey,M,,,20201209,20201215,WK,134617,0,,28832,0,,0,0,0,0,0,0
DEI,48126022,Marsh Allan,M,,,20201209,20201215,WK,251750,0,,69115,0,,0,0,0,0,0,0
DEI,48126030,Hewitt Melanie,M,,,20201209,20201215,WK,251754,0,,69116,0,,0,0,0,0,0,0
DEI,48126286,McLean Dana,M,,,20201209,20201215,WK,40800,0,,5822,0,,0,0,0,0,0,0
DEI,48175660,Schultz Max,M,,,20201209,20201215,WK,51000,0,,7749,0,,0,0,0,0,0,0
HEI,48125352,20201220,N,N,,John Jones,63048474,me@mycompany.co.nz,10,1070210,0,0,0,0,0,1070210,0,0,4779675,0,Vendor_Package_v1.0,1
DEI,48125964,Grant Evan,M,,,20201201,20201231,MT,116667,0,,13871,0,,0,0,0,0,0,0
DEI,48125972,Proctor Melinda,M,,,20201201,20201231,MT,116675,0,,13871,0,,0,0,0,0,0,0
DEI,48125980,Diaz Calvin,M,,,20201201,20201231,MT,400000,0,,67392,0,,0,0,0,0,0,0
DEI,48125999,Graham Eugene,M,,,20201201,20201231,MT,400008,0,,67392,0,,0,0,0,0,0,0
DEI,48126006,Watkins Vickie,M,,,20201201,20201231,MT,583333,0,,124938,0,,0,0,0,0,0,0
DEI,48126014,Hinton Luis,M,,,20201201,20201231,MT,583342,0,,124943,0,,0,0,0,0,0,0
DEI,48126081,Watts Kyle,M,,,20201201,20201231,MT,1090917,0,,299498,0,,0,0,0,0,0,0
DEI,48126093,Christensen Calvin,M,,,20201201,20201231,MT,1090933,0,,299498,0,,0,0,0,0,0,0
DEI,48126278,Love Curtis,M,,,20201201,20201231,MT,176800,0,,25228,0,,0,0,0,0,0,0
DEI,48175694,Kenney Peter,M,,,20201201,20201231,MT,221000,0,,33579,0,,0,0,0,0,0,0
HEI,48125352,20201224,N,N,,John Jones,63048474,me@mycompany.co.nz,30,1728793,0,0,0,0,0,1728793,0,0,7721013,0,Vendor_Package_v1.0,1
DEI,48125786,Mangum Patricia,M,,,20201216,20201222,WK,26923,0,,3200,0,,0,0,0,0,0,0
DEI,48125794,Joseph Lois,M,,,20201216,20201222,WK,26925,0,,3201,0,,0,0,0,0,0,0
DEI,48125808,Rosenthal Louis,M,,,20201216,20201222,WK,92308,0,,15552,0,,0,0,0,0,0,0
DEI,48125816,Bowden Christina,M,,,20201216,20201222,WK,92310,0,,15552,0,,0,0,0,0,0,0
DEI,48125824,Barton Darlene,M,,,20201216,20201222,WK,134615,0,,28832,0,,0,0,0,0,0,0
DEI,48125832,Underwood Harvey,M,,,20201216,20201222,WK,134617,0,,28832,0,,0,0,0,0,0,0
DEI,48125840,Jones William,M,,,20201209,20201222,FT,53846,0,,6400,0,,0,0,0,0,0,0
DEI,48125859,Baker Frederick,M,,,20201209,20201222,FT,53850,0,,6402,0,,0,0,0,0,0,0
DEI,48125867,Merritt Shirley,M,,,20201209,20201222,FT,184615,0,,31102,0,,0,0,0,0,0,0
DEI,48125875,Cross Jason,M,,,20201209,20201222,FT,184619,0,,31104,0,,0,0,0,0,0,0
DEI,48125883,Cooper Judith,M,,,20201209,20201222,FT,269231,0,,57664,0,,0,0,0,0,0,0
DEI,48125891,Holmes Getchen,M,,,20201209,20201222,FT,269235,0,,57666,0,,0,0,0,0,0,0
DEI,48125905,Sharpe Don,M,,,20201201,20201229,4W,107692,0,,12800,0,,0,0,0,0,0,0
DEI,48125913,Morgan Glenda,M,,,20201201,20201229,4W,107700,0,,12804,0,,0,0,0,0,0,0
DEI,48125921,Hoyle Scott,M,,,20201201,20201229,4W,369231,0,,62208,0,,0,0,0,0,0,0
DEI,48125930,Allen Pat,M,,,20201201,20201229,4W,369238,0,,62208,0,,0,0,0,0,0,0
DEI,48125948,Rich Michelle,M,,,20201201,20201229,4W,538462,0,,115328,0,,0,0,0,0,0,0
DEI,48125956,Rich Jessica,M,,,20201201,20201229,4W,538469,0,,115328,0,,0,0,0,0,0,0
DEI,48126022,Marsh Allan,M,,,20201216,20201222,WK,251750,0,,69115,0,,0,0,0,0,0,0
DEI,48126030,Hewitt Melanie,M,,,20201216,20201222,WK,251754,0,,69116,0,,0,0,0,0,0,0
DEI,48126049,Branch Marianne,M,,,20201209,20201222,FT,503500,0,,138230,0,,0,0,0,0,0,0
DEI,48126057,Walton Natalie,M,,,20201209,20201222,FT,503508,0,,138232,0,,0,0,0,0,0,0
DEI,48126065,O'Brien Caroline,M,,,20201201,20201229,4W,1007000,0,,276460,0,,0,0,0,0,0,0
DEI,48126073,Case Arlene,M,,,20201201,20201229,4W,1007015,0,,276460,0,,0,0,0,0,0,0
DEI,48126286,McLean Dana,M,,,20201216,20201222,WK,40800,0,,5822,0,,0,0,0,0,0,0
DEI,48126294,Christian Jennifer,M,,,20201209,20201222,FT,81600,0,,11644,0,,0,0,0,0,0,0
DEI,48126308,Lamb Brett,M,,,20201201,20201229,4W,163200,0,,23288,0,,0,0,0,0,0,0
DEI,48175660,Schultz Max,M,,,20201216,20201222,WK,51000,0,,7749,0,,0,0,0,0,0,0
DEI,48175678,Perez Holly,M,,,20201209,20201222,FT,102000,0,,15498,0,,0,0,0,0,0,0
DEI,48175686,Vogel Margaret,M,,,20201201,20201229,4W,204000,0,,30996,0,,0,0,0,0,0,0
HEI,48125352,20210130,N,N,,John Jones,63048474,me@mycompany.co.nz,2,57568,0,0,30768,25414,5354,66991,52113,0,384608,0,Vendor_Package_v1.0,1
DEI,48126103,Parks Gary,M,,,20201230,20210126,4W,192304,0,,28784,0,,0,15384,12707,2677,25999,0
DEI,48126111,Hardin Samantha,M,,,20201230,20210126,4W,192304,0,,28784,0,,0,15384,12707,2677,26114,0
HEI,48125352,20200402,N,N,,John Jones,63048474,me@mycompany.co.nz,1,18026,36071,0,4615,3810,805,63327,0,0,115383,0,Vendor_Package_v1.0,1
DEI,48126125,Lucas Sara,M,,,20200318,20200331,FT,115383,0,,18026,36071,,0,4615,3810,805,0,0
HEI,48125352,20200416,N,N,,John Jones,63048474,me@mycompany.co.nz,1,13676,31985,0,3694,3064,630,53049,0,0,92356,0,Vendor_Package_v1.0,1
DEI,48126125,Lucas Sara,M,,,20200401,20200414,FT,92356,0,,13676,31985,,0,3694,3064,630,0,0
HEI,48125352,20200430,N,N,,John Jones,63048474,me@mycompany.co.nz,1,18026,36071,0,4615,3810,805,63327,0,0,115383,0,Vendor_Package_v1.0,1
DEI,48126125,Lucas Sara,M,,,20200415,20200428,FT,115383,0,,18026,36071,,0,4615,3810,805,0,0
HEI,48125352,20200420,N,N,,John Jones,63048474,me@mycompany.co.nz,2,2723391,0,0,86194,57781,28413,2895779,0,0,8619428,4309714,Vendor_Package_v1.0,1
DEI,48126128,Eason Stacy,M,,,20200401,20200430,MT,2154857,0,,650593,0,,0,86194,57781,28413,0,0
DEI,48126146,Davidson Gladys,M,,,20200401,20200430,MT,6464571,4309714,,2072798,0,,0,0,0,0,0,0
HEI,48125352,20200509,N,N,,John Jones,63048474,me@mycompany.co.nz,12,172740,0,0,51704,40148,11556,276148,0,0,1034220,0,Vendor_Package_v1.0,1
DEI,48126154,Whitehead Mike,M,,,20200429,20200505,WK,86185,0,,14395,0,,0,2585,2323,262,0,0
DEI,48126162,Rose Lynne,M,,,20200429,20200505,WK,86185,0,,14395,0,,0,2585,2148,437,0,0
DEI,48126170,Sparks Faye,M,,,20200429,20200505,WK,86185,0,,14395,0,,0,2585,1835,750,0,0
DEI,48126189,Moore Diana,M,,,20200429,20200505,WK,86185,0,,14395,0,,0,2585,1760,825,0,0
DEI,48126197,Pearson Leon,M,,,20200429,20200505,WK,86185,0,,14395,0,,0,3447,3090,357,0,0
DEI,48126200,Rodgers Ethel,M,,,20200429,20200505,WK,86185,0,,14395,0,,0,3447,2852,595,0,0
DEI,48126219,Graves Steve,M,,,20200429,20200505,WK,86185,0,,14395,0,,0,3447,2427,1020,0,0
DEI,48126227,Scarborough Alison,M,,,20200429,20200505,WK,86185,0,,14395,0,,0,3447,2325,1122,0,0
DEI,48126235,Sutton Sherri,M,,,20200429,20200505,WK,86185,0,,14395,0,,0,6894,6180,714,0,0
DEI,48126243,Sinclair Patsy,M,,,20200429,20200505,WK,86185,0,,14395,0,,0,6894,5704,1190,0,0
DEI,48126251,Bowman Kelly,M,,,20200429,20200505,WK,86185,0,,14395,0,,0,6894,4854,2040,0,0
DEI,48126267,Olsen Stacy,M,,,20200429,20200505,WK,86185,0,,14395,0,,0,6894,4650,2244,0,0
HEI,48125352,20200516,N,N,,John Jones,63048474,me@mycompany.co.nz,12,172740,0,0,51704,40148,11556,276148,0,0,1034220,0,Vendor_Package_v1.0,1
DEI,48126154,Whitehead Mike,M,,,20200506,20200512,WK,86185,0,,14395,0,,0,2585,2323,262,0,0
DEI,48126162,Rose Lynne,M,,,20200506,20200512,WK,86185,0,,14395,0,,0,2585,2148,437,0,0
DEI,48126170,Sparks Faye,M,,,20200506,20200512,WK,86185,0,,14395,0,,0,2585,1835,750,0,0
DEI,48126189,Moore Diana,M,,,20200506,20200512,WK,86185,0,,14395,0,,0,2585,1760,825,0,0
DEI,48126197,Pearson Leon,M,,,20200506,20200512,WK,86185,0,,14395,0,,0,3447,3090,357,0,0
DEI,48126200,Rodgers Ethel,M,,,20200506,20200512,WK,86185,0,,14395,0,,0,3447,2852,595,0,0
DEI,48126219,Graves Steve,M,,,20200506,20200512,WK,86185,0,,14395,0,,0,3447,2427,1020,0,0
DEI,48126227,Scarborough Alison,M,,,20200506,20200512,WK,86185,0,,14395,0,,0,3447,2325,1122,0,0
DEI,48126235,Sutton Sherri,M,,,20200506,20200512,WK,86185,0,,14395,0,,0,6894,6180,714,0,0
DEI,48126243,Sinclair Patsy,M,,,20200506,20200512,WK,86185,0,,14395,0,,0,6894,5704,1190,0,0
DEI,48126251,Bowman Kelly,M,,,20200506,20200512,WK,86185,0,,14395,0,,0,6894,4854,2040,0,0
DEI,48126267,Olsen Stacy,M,,,20200506,20200512,WK,86185,0,,14395,0,,0,6894,4650,2244,0,0
HEI,48125352,20200523,N,N,,John Jones,63048474,me@mycompany.co.nz,12,172740,0,0,51704,40148,11556,276148,0,0,1034220,0,Vendor_Package_v1.0,1
DEI,48126154,Whitehead Mike,M,,,20200513,20200519,WK,86185,0,,14395,0,,0,2585,2323,262,0,0
DEI,48126162,Rose Lynne,M,,,20200513,20200519,WK,86185,0,,14395,0,,0,2585,2148,437,0,0
DEI,48126170,Sparks Faye,M,,,20200513,20200519,WK,86185,0,,14395,0,,0,2585,1835,750,0,0
DEI,48126189,Moore Diana,M,,,20200513,20200519,WK,86185,0,,14395,0,,0,2585,1760,825,0,0
DEI,48126197,Pearson Leon,M,,,20200513,20200519,WK,86185,0,,14395,0,,0,3447,3090,357,0,0
DEI,48126200,Rodgers Ethel,M,,,20200513,20200519,WK,86185,0,,14395,0,,0,3447,2852,595,0,0
DEI,48126219,Graves Steve,M,,,20200513,20200519,WK,86185,0,,14395,0,,0,3447,2427,1020,0,0
DEI,48126227,Scarborough Alison,M,,,20200513,20200519,WK,86185,0,,14395,0,,0,3447,2325,1122,0,0
DEI,48126235,Sutton Sherri,M,,,20200513,20200519,WK,86185,0,,14395,0,,0,6894,6180,714,0,0
DEI,48126243,Sinclair Patsy,M,,,20200513,20200519,WK,86185,0,,14395,0,,0,6894,5704,1190,0,0
DEI,48126251,Bowman Kelly,M,,,20200513,20200519,WK,86185,0,,14395,0,,0,6894,4854,2040,0,0
DEI,48126267,Olsen Stacy,M,,,20200513,20200519,WK,86185,0,,14395,0,,0,6894,4650,2244,0,0
HEI,48125352,20200530,N,N,,John Jones,63048474,me@mycompany.co.nz,12,172740,0,0,51704,40148,11556,276148,0,0,1034220,0,Vendor_Package_v1.0,1
DEI,48126154,Whitehead Mike,M,,,20200520,20200526,WK,86185,0,,14395,0,,0,2585,2323,262,0,0
DEI,48126162,Rose Lynne,M,,,20200520,20200526,WK,86185,0,,14395,0,,0,2585,2148,437,0,0
DEI,48126170,Sparks Faye,M,,,20200520,20200526,WK,86185,0,,14395,0,,0,2585,1835,750,0,0
DEI,48126189,Moore Diana,M,,,20200520,20200526,WK,86185,0,,14395,0,,0,2585,1760,825,0,0
DEI,48126197,Pearson Leon,M,,,20200520,20200526,WK,86185,0,,14395,0,,0,3447,3090,357,0,0
DEI,48126200,Rodgers Ethel,M,,,20200520,20200526,WK,86185,0,,14395,0,,0,3447,2852,595,0,0
DEI,48126219,Graves Steve,M,,,20200520,20200526,WK,86185,0,,14395,0,,0,3447,2427,1020,0,0
DEI,48126227,Scarborough Alison,M,,,20200520,20200526,WK,86185,0,,14395,0,,0,3447,2325,1122,0,0
DEI,48126235,Sutton Sherri,M,,,20200520,20200526,WK,86185,0,,14395,0,,0,6894,6180,714,0,0
DEI,48126243,Sinclair Patsy,M,,,20200520,20200526,WK,86185,0,,14395,0,,0,6894,5704,1190,0,0
DEI,48126251,Bowman Kelly,M,,,20200520,20200526,WK,86185,0,,14395,0,,0,6894,4854,2040,0,0
DEI,48126267,Olsen Stacy,M,,,20200520,20200526,WK,86185,0,,14395,0,,0,6894,4650,2244,0,0
HEI,48125352,20200402,N,N,,John Jones,63048474,me@mycompany.co.nz,1,181558,0,0,23699,15911,7788,228956,0,0,592487,0,Vendor_Package_v1.0,1
DEI,48126278,Love Curtis,M,,,20200325,20200331,WK,592487,0,,181558,0,,0,23699,15911,7788,0,0
HEI,48125352,20200409,N,N,,John Jones,63048474,me@mycompany.co.nz,1,181558,0,0,23699,15911,7788,228956,0,0,592487,0,Vendor_Package_v1.0,1
DEI,48126278,Love Curtis,M,,,20200401,20200407,WK,592487,0,,181558,0,,0,23699,15911,7788,0,0
HEI,48125352,20200416,N,N,,John Jones,63048474,me@mycompany.co.nz,1,181558,0,0,23699,15911,7788,228956,0,0,592487,0,Vendor_Package_v1.0,1
DEI,48126278,Love Curtis,M,,,20200408,20200414,WK,592487,0,,181558,0,,0,23699,15911,7788,0,0
HEI,48125352,20200423,N,N,,John Jones,63048474,me@mycompany.co.nz,1,181558,0,0,23699,15911,7788,228956,0,0,592487,0,Vendor_Package_v1.0,1
DEI,48126278,Love Curtis,M,,,20200415,20200421,WK,592487,0,,181558,0,,0,23699,15911,7788,0,0
HEI,48125352,20200430,N,N,,John Jones,63048474,me@mycompany.co.nz,1,181558,0,0,23699,15911,7788,228956,0,0,592487,0,Vendor_Package_v1.0,1
DEI,48126278,Love Curtis,M,,,20200422,20200428,WK,592487,0,,181558,0,,0,23699,15911,7788,0,0
HEI,48125352,20201120,N,N,,John Jones,63048474,me@mycompany.co.nz,9,108994,0,39256,0,0,0,148250,0,0,750000,0,Vendor_Package_v1.0,1
DEI,48130003,Weiner Wayne,M SL,,,20201101,20201130,MT,200000,0,,29609,0,,3980,0,0,0,0,0
DEI,48130003,Weiner Wayne,SLCIR,,,20201101,20201130,MT,0,0,,0,0,,1658,0,0,0,0,0
DEI,48130011,Durham Nancy,M SL,,,20201101,20201130,MT,200000,0,,29609,0,,3980,0,0,0,0,0
DEI,48130011,Durham Nancy,SLBOR,,,20201101,20201130,MT,0,0,,0,0,,8000,0,0,0,0,0
DEI,48130028,Guthrie Peter,M SL,,,20201101,20201130,MT,200000,0,,29609,0,,3980,0,0,0,0,0
DEI,48130028,Guthrie Peter,SLCIR,,,20201101,20201130,MT,0,0,,0,0,,1658,0,0,0,0,0
DEI,48130028,Guthrie Peter,SLBOR,,,20201101,20201130,MT,0,0,,0,0,,8000,0,0,0,0,0
DEI,48130038,Hensley Benjamin,M SL,,,20201101,20201130,MT,150000,0,,20167,0,,0,0,0,0,0,0
DEI,48130038,Hensley Benjamin,SLBOR,,,20201101,20201130,MT,0,0,,0,0,,8000,0,0,0,0,0
HEI,48125352,20200516,N,N,,John Jones,63048474,me@mycompany.co.nz,6,263228,0,53520,31500,25989,5511,379748,0,0,1800000,750000,Vendor_Package_v1.0,1
DEI,48130046,Freedman Derek,M SL,,,20200429,20200526,4W,350000,0,0,58576,0,,23520,10500,8663,1837,0,0
DEI,48130046,Freedman Derek,ESS,,,20200429,20200526,4W,250000,250000,0,43750,0,,30000,0,0,0,0,0
DEI,48130054,Wiggins Marlene,M,,,20200429,20200526,4W,350000,0,0,58576,0,,0,10500,8663,1837,0,0
DEI,48130054,Wiggins Marlene,ESS,,,20200429,20200526,4W,250000,250000,0,43750,0,,0,0,0,0,0,0
DEI,48130062,Best Clara,M,,,20200429,20200526,4W,350000,0,0,58576,0,,0,10500,8663,1837,0,0
DEI,48130062,Best Clara,ESS,,,20200429,20200526,4W,250000,250000,0,0,0,,0,0,0,0,0,0