1.1.1,048125360,Paige Chen,M,25/03/2022,31/03/2022,03/04/2022,Weekly,,,578.78,0,0,,0,0,20.99,3.00,3.00,23.81,17.50,90.88,17.36,14.39,20.99,7.93,0,2.97,2023
1.1.1,048125379,Sherri Melton,M SL,25/03/2022,31/03/2022,03/04/2022,Weekly,,,578.78,0,0,,0,0,20.99,3.00,3.00,23.81,17.50,90.88,17.36,14.39,20.99,7.93,20.28,2.97,2023
1.1.1,048125387,Gretchen Hill,ME,25/03/2022,31/03/2022,03/04/2022,Weekly,,,578.78,0,0,,0,0,20.99,3.00,3.00,23.81,17.50,80.88,17.36,14.39,20.99,7.93,0,2.97,2023
1.1.1,048125395,Karen Puckett,ME SL,25/03/2022,31/03/2022,03/04/2022,Weekly,,,578.78,0,0,,0,0,20.99,3.00,3.00,23.81,17.50,80.88,17.36,14.39,20.99,7.93,20.28,2.97,2023
1.1.1,048125409,Patrick Song,SB SL,25/03/2022,31/03/2022,03/04/2022,Weekly,,,578.78,0,0,,0,0,20.99,3.00,3.00,23.81,17.50,69.12,17.36,14.39,20.99,7.93,69.36,2.97,2023
1.1.1,048125417,Elsie Hamilton,S,25/03/2022,31/03/2022,03/04/2022,Weekly,,,578.78,0,0,,0,0,20.99,3.00,3.00,23.81,17.50,109.58,17.36,14.39,20.99,7.93,0,2.97,2023
1.1.1,048125425,Hazel Bender,SB,25/03/2022,31/03/2022,03/04/2022,Weekly,,,578.78,0,0,,0,0,20.99,3.00,3.00,23.81,17.50,69.12,17.36,14.39,20.99,7.93,0,2.97,2023
1.1.1,048125433,Malcolm Wagner,SH,25/03/2022,31/03/2022,03/04/2022,Weekly,,,578.78,0,0,,0,0,20.99,3.00,3.00,23.81,17.50,181.83,17.36,14.39,20.99,7.93,0,2.97,2023
1.1.1,048125441,Dolores McLaughlin,ST,25/03/2022,31/03/2022,03/04/2022,Weekly,,,578.78,0,0,,0,0,20.99,3.00,3.00,23.81,17.50,199.17,17.36,14.39,20.99,7.93,0,2.97,2023
1.1.1,048130070,Jack Drake,SA,25/03/2022,31/03/2022,03/04/2022,Weekly,,,578.78,0,0,,0,0,20.99,3.00,3.00,23.81,17.50,233.85,17.36,14.39,20.99,7.93,0,2.97,2023
1.1.1,048125451,Francis McNamara,S SL,25/03/2022,31/03/2022,03/04/2022,Weekly,,,578.78,0,0,,0,0,20.99,3.00,3.00,23.81,17.50,109.58,17.36,14.39,20.99,7.93,69.36,2.97,2023
1.1.1,048125468,Sandy Raynor,SH SL,25/03/2022,31/03/2022,03/04/2022,Weekly,,,578.78,0,0,,0,0,20.99,3.00,3.00,23.81,17.50,181.83,17.36,14.39,20.99,7.93,69.36,2.97,2023
1.1.1,048125476,Marion Moon,ST SL,25/03/2022,31/03/2022,03/04/2022,Weekly,,,578.78,0,0,,0,0,20.99,3.00,3.00,23.81,17.50,199.17,17.36,14.39,20.99,7.93,69.36,2.97,2023
1.1.1,048130089,Ewan Duff,SA SL,25/03/2022,31/03/2022,03/04/2022,Weekly,,,578.78,0,0,,0,0,20.99,3.00,3.00,23.81,17.50,233.85,17.36,14.39,20.99,7.93,69.36,2.97,2023
1.1.1,048125484,Beth Woodard,CAE,25/03/2022,31/03/2022,03/04/2022,Weekly,,,578.78,0,0,,0,0,20.99,3.00,3.00,23.81,17.50,109.58,17.36,14.39,20.99,7.93,0,2.97,2023
1.1.1,048125492,Julia Desai,EDW,25/03/2022,31/03/2022,03/04/2022,Weekly,,,578.78,0,0,,0,0,20.99,3.00,3.00,23.81,17.50,109.58,17.36,14.39,20.99,7.93,0,2.97,2023
1.1.1,048125506,Jerome Wallace,ND,25/03/2022,31/03/2022,03/04/2022,Weekly,,,578.78,0,0,,0,0,20.99,3.00,3.00,23.81,17.50,268.53,17.36,14.39,20.99,7.93,0,2.97,2023
1.1.1,048125514,Neal Lawrence,NSW,25/03/2022,31/03/2022,03/04/2022,Weekly,,,578.78,0,0,,0,0,20.99,0.00,0.00,23.81,17.50,69.12,0,0,20.99,7.93,0,0,2023
1.1.2,048125360,Paige Chen,M,01/04/2022,07/04/2022,10/04/2022,Weekly,,,578.78,0,0,,0,0,20.99,3.00,3.00,23.81,17.50,90.88,17.36,14.39,20.99,7.93,0,2.97,2023
1.1.2,048125379,Sherri Melton,M SL,01/04/2022,07/04/2022,10/04/2022,Weekly,,,578.78,0,0,,0,0,20.99,3.00,3.00,23.81,17.50,90.88,17.36,14.39,20.99,7.93,20.28,2.97,2023
1.1.2,048125387,Gretchen Hill,ME,01/04/2022,07/04/2022,10/04/2022,Weekly,,,578.78,0,0,,0,0,20.99,3.00,3.00,23.81,17.50,80.88,17.36,14.39,20.99,7.93,0,2.97,2023
1.1.2,048125395,Karen Puckett,ME SL,01/04/2022,07/04/2022,10/04/2022,Weekly,,,578.78,0,0,,0,0,20.99,3.00,3.00,23.81,17.50,80.88,17.36,14.39,20.99,7.93,20.28,2.97,2023
1.1.2,048125409,Patrick Song,SB SL,01/04/2022,07/04/2022,10/04/2022,Weekly,,,578.78,0,0,,0,0,20.99,3.00,3.00,23.81,17.50,69.12,17.36,14.39,20.99,7.93,69.36,2.97,2023
1.1.2,048125417,Elsie Hamilton,S,01/04/2022,07/04/2022,10/04/2022,Weekly,,,578.78,0,0,,0,0,20.99,3.00,3.00,23.81,17.50,109.58,17.36,14.39,20.99,7.93,0,2.97,2023
1.1.2,048125425,Hazel Bender,SB,01/04/2022,07/04/2022,10/04/2022,Weekly,,,578.78,0,0,,0,0,20.99,3.00,3.00,23.81,17.50,69.12,17.36,14.39,20.99,7.93,0,2.97,2023
1.1.2,048125433,Malcolm Wagner,SH,01/04/2022,07/04/2022,10/04/2022,Weekly,,,578.78,0,0,,0,0,20.99,3.00,3.00,23.81,17.50,181.83,17.36,14.39,20.99,7.93,0,2.97,2023
1.1.2,048125441,Dolores McLaughlin,ST,01/04/2022,07/04/2022,10/04/2022,Weekly,,,578.78,0,0,,0,0,20.99,3.00,3.00,23.81,17.50,199.17,17.36,14.39,20.99,7.93,0,2.97,2023
1.1.2,048130070,Jack Drake,SA,01/04/2022,07/04/2022,10/04/2022,Weekly,,,578.78,0,0,,0,0,20.99,3.00,3.00,23.81,17.50,233.85,17.36,14.39,20.99,7.93,0,2.97,2023
1.1.2,048125451,Francis McNamara,S SL,01/04/2022,07/04/2022,10/04/2022,Weekly,,,578.78,0,0,,0,0,20.99,3.00,3.00,23.81,17.50,109.58,17.36,14.39,20.99,7.93,69.36,2.97,2023
1.1.2,048125468,Sandy Raynor,SH SL,01/04/2022,07/04/2022,10/04/2022,Weekly,,,578.78,0,0,,0,0,20.99,3.00,3.00,23.81,17.50,181.83,17.36,14.39,20.99,7.93,69.36,2.97,2023
1.1.2,048125476,Marion Moon,ST SL,01/04/2022,07/04/2022,10/04/2022,Weekly,,,578.78,0,0,,0,0,20.99,3.00,3.00,23.81,17.50,199.17,17.36,14.39,20.99,7.93,69.36,2.97,2023
1.1.2,048130089,Ewan Duff,SA SL,01/04/2022,07/04/2022,10/04/2022,Weekly,,,578.78,0,0,,0,0,20.99,3.00,3.00,23.81,17.50,233.85,17.36,14.39,20.99,7.93,69.36,2.97,2023
1.1.2,048125484,Beth Woodard,CAE,01/04/2022,07/04/2022,10/04/2022,Weekly,,,578.78,0,0,,0,0,20.99,3.00,3.00,23.81,17.50,109.58,17.36,14.39,20.99,7.93,0,2.97,2023
1.1.2,048125492,Julia Desai,EDW,01/04/2022,07/04/2022,10/04/2022,Weekly,,,578.78,0,0,,0,0,20.99,3.00,3.00,23.81,17.50,109.58,17.36,14.39,20.99,7.93,0,2.97,2023
1.1.2,048125506,Jerome Wallace,ND,01/04/2022,07/04/2022,10/04/2022,Weekly,,,578.78,0,0,,0,0,20.99,3.00,3.00,23.81,17.50,268.53,17.36,14.39,20.99,7.93,0,2.97,2023
1.1.2,048125514,Neal Lawrence,NSW,01/04/2022,07/04/2022,10/04/2022,Weekly,,,578.78,0,0,,0,0,20.99,0.00,0.00,23.81,17.50,69.12,0,0,20.99,7.93,0,0,2023
1.1.3,048125360,Paige Chen,M,08/04/2022,14/04/2022,17/04/2022,Weekly,,,578.78,0,0,,0,0,20.99,3.00,3.00,23.81,17.50,90.88,17.36,14.39,20.99,7.93,0,2.97,2023
1.1.3,048125379,Sherri Melton,M SL,08/04/2022,14/04/2022,17/04/2022,Weekly,,,578.78,0,0,,0,0,20.99,3.00,3.00,23.81,17.50,90.88,17.36,14.39,20.99,7.93,20.28,2.97,2023
1.1.3,048125387,Gretchen Hill,ME,08/04/2022,14/04/2022,17/04/2022,Weekly,,,578.78,0,0,,0,0,20.99,3.00,3.00,23.81,17.50,80.88,17.36,14.39,20.99,7.93,0,2.97,2023
1.1.3,048125395,Karen Puckett,ME SL,08/04/2022,14/04/2022,17/04/2022,Weekly,,,578.78,0,0,,0,0,20.99,3.00,3.00,23.81,17.50,80.88,17.36,14.39,20.99,7.93,20.28,2.97,2023
1.1.3,048125409,Patrick Song,SB SL,08/04/2022,14/04/2022,17/04/2022,Weekly,,,578.78,0,0,,0,0,20.99,3.00,3.00,23.81,17.50,69.12,17.36,14.39,20.99,7.93,69.36,2.97,2023
1.1.3,048125417,Elsie Hamilton,S,08/04/2022,14/04/2022,17/04/2022,Weekly,,,578.78,0,0,,0,0,20.99,3.00,3.00,23.81,17.50,109.58,17.36,14.39,20.99,7.93,0,2.97,2023
1.1.3,048125425,Hazel Bender,SB,08/04/2022,14/04/2022,17/04/2022,Weekly,,,578.78,0,0,,0,0,20.99,3.00,3.00,23.81,17.50,69.12,17.36,14.39,20.99,7.93,0,2.97,2023
1.1.3,048125433,Malcolm Wagner,SH,08/04/2022,14/04/2022,17/04/2022,Weekly,,,578.78,0,0,,0,0,20.99,3.00,3.00,23.81,17.50,181.83,17.36,14.39,20.99,7.93,0,2.97,2023
1.1.3,048125441,Dolores McLaughlin,ST,08/04/2022,14/04/2022,17/04/2022,Weekly,,,578.78,0,0,,0,0,20.99,3.00,3.00,23.81,17.50,199.17,17.36,14.39,20.99,7.93,0,2.97,2023
1.1.3,048130070,Jack Drake,SA,08/04/2022,14/04/2022,17/04/2022,Weekly,,,578.78,0,0,,0,0,20.99,3.00,3.00,23.81,17.50,233.85,17.36,14.39,20.99,7.93,0,2.97,2023
1.1.3,048125451,Francis McNamara,S SL,08/04/2022,14/04/2022,17/04/2022,Weekly,,,578.78,0,0,,0,0,20.99,3.00,3.00,23.81,17.50,109.58,17.36,14.39,20.99,7.93,69.36,2.97,2023
1.1.3,048125468,Sandy Raynor,SH SL,08/04/2022,14/04/2022,17/04/2022,Weekly,,,578.78,0,0,,0,0,20.99,3.00,3.00,23.81,17.50,181.83,17.36,14.39,20.99,7.93,69.36,2.97,2023
1.1.3,048125476,Marion Moon,ST SL,08/04/2022,14/04/2022,17/04/2022,Weekly,,,578.78,0,0,,0,0,20.99,3.00,3.00,23.81,17.50,199.17,17.36,14.39,20.99,7.93,69.36,2.97,2023
1.1.3,048130089,Ewan Duff,SA SL,08/04/2022,14/04/2022,17/04/2022,Weekly,,,578.78,0,0,,0,0,20.99,3.00,3.00,23.81,17.50,233.85,17.36,14.39,20.99,7.93,69.36,2.97,2023
1.1.3,048125484,Beth Woodard,CAE,08/04/2022,14/04/2022,17/04/2022,Weekly,,,578.78,0,0,,0,0,20.99,3.00,3.00,23.81,17.50,109.58,17.36,14.39,20.99,7.93,0,2.97,2023
1.1.3,048125492,Julia Desai,EDW,08/04/2022,14/04/2022,17/04/2022,Weekly,,,578.78,0,0,,0,0,20.99,3.00,3.00,23.81,17.50,109.58,17.36,14.39,20.99,7.93,0,2.97,2023
1.1.3,048125506,Jerome Wallace,ND,08/04/2022,14/04/2022,17/04/2022,Weekly,,,578.78,0,0,,0,0,20.99,3.00,3.00,23.81,17.50,268.53,17.36,14.39,20.99,7.93,0,2.97,2023
1.1.3,048125514,Neal Lawrence,NSW,08/04/2022,14/04/2022,17/04/2022,Weekly,,,578.78,0,0,,0,0,20.99,0.00,0.00,23.81,17.50,69.12,0,0,20.99,7.93,0,0,2023
1.1.4,048125360,Paige Chen,M,15/04/2022,21/04/2022,24/04/2022,Weekly,,,578.78,0,0,,0,0,20.99,3.00,3.00,23.81,17.50,90.88,17.36,14.39,20.99,7.93,0,2.97,2023
1.1.4,048125379,Sherri Melton,M SL,15/04/2022,21/04/2022,24/04/2022,Weekly,,,578.78,0,0,,0,0,20.99,3.00,3.00,23.81,17.50,90.88,17.36,14.39,20.99,7.93,20.28,2.97,2023
1.1.4,048125387,Gretchen Hill,ME,15/04/2022,21/04/2022,24/04/2022,Weekly,,,578.78,0,0,,0,0,20.99,3.00,3.00,23.81,17.50,80.88,17.36,14.39,20.99,7.93,0,2.97,2023
1.1.4,048125395,Karen Puckett,ME SL,15/04/2022,21/04/2022,24/04/2022,Weekly,,,578.78,0,0,,0,0,20.99,3.00,3.00,23.81,17.50,80.88,17.36,14.39,20.99,7.93,20.28,2.97,2023
1.1.4,048125409,Patrick Song,SB SL,15/04/2022,21/04/2022,24/04/2022,Weekly,,,578.78,0,0,,0,0,20.99,3.00,3.00,23.81,17.50,69.12,17.36,14.39,20.99,7.93,69.36,2.97,2023
1.1.4,048125417,Elsie Hamilton,S,15/04/2022,21/04/2022,24/04/2022,Weekly,,,578.78,0,0,,0,0,20.99,3.00,3.00,23.81,17.50,109.58,17.36,14.39,20.99,7.93,0,2.97,2023
1.1.4,048125425,Hazel Bender,SB,15/04/2022,21/04/2022,24/04/2022,Weekly,,,578.78,0,0,,0,0,20.99,3.00,3.00,23.81,17.50,69.12,17.36,14.39,20.99,7.93,0,2.97,2023
1.1.4,048125433,Malcolm Wagner,SH,15/04/2022,21/04/2022,24/04/2022,Weekly,,,578.78,0,0,,0,0,20.99,3.00,3.00,23.81,17.50,181.83,17.36,14.39,20.99,7.93,0,2.97,2023
1.1.4,048125441,Dolores McLaughlin,ST,15/04/2022,21/04/2022,24/04/2022,Weekly,,,578.78,0,0,,0,0,20.99,3.00,3.00,23.81,17.50,199.17,17.36,14.39,20.99,7.93,0,2.97,2023
1.1.4,048130070,Jack Drake,SA,15/04/2022,21/04/2022,24/04/2022,Weekly,,,578.78,0,0,,0,0,20.99,3.00,3.00,23.81,17.50,233.85,17.36,14.39,20.99,7.93,0,2.97,2023
1.1.4,048125451,Francis McNamara,S SL,15/04/2022,21/04/2022,24/04/2022,Weekly,,,578.78,0,0,,0,0,20.99,3.00,3.00,23.81,17.50,109.58,17.36,14.39,20.99,7.93,69.36,2.97,2023
1.1.4,048125468,Sandy Raynor,SH SL,15/04/2022,21/04/2022,24/04/2022,Weekly,,,578.78,0,0,,0,0,20.99,3.00,3.00,23.81,17.50,181.83,17.36,14.39,20.99,7.93,69.36,2.97,2023
1.1.4,048125476,Marion Moon,ST SL,15/04/2022,21/04/2022,24/04/2022,Weekly,,,578.78,0,0,,0,0,20.99,3.00,3.00,23.81,17.50,199.17,17.36,14.39,20.99,7.93,69.36,2.97,2023
1.1.4,048130089,Ewan Duff,SA SL,15/04/2022,21/04/2022,24/04/2022,Weekly,,,578.78,0,0,,0,0,20.99,3.00,3.00,23.81,17.50,233.85,17.36,14.39,20.99,7.93,69.36,2.97,2023
1.1.4,048125484,Beth Woodard,CAE,15/04/2022,21/04/2022,24/04/2022,Weekly,,,578.78,0,0,,0,0,20.99,3.00,3.00,23.81,17.50,109.58,17.36,14.39,20.99,7.93,0,2.97,2023
1.1.4,048125492,Julia Desai,EDW,15/04/2022,21/04/2022,24/04/2022,Weekly,,,578.78,0,0,,0,0,20.99,3.00,3.00,23.81,17.50,109.58,17.36,14.39,20.99,7.93,0,2.97,2023
1.1.4,048125506,Jerome Wallace,ND,15/04/2022,21/04/2022,24/04/2022,Weekly,,,578.78,0,0,,0,0,20.99,3.00,3.00,23.81,17.50,268.53,17.36,14.39,20.99,7.93,0,2.97,2023
1.1.4,048125514,Neal Lawrence,NSW,15/04/2022,21/04/2022,24/04/2022,Weekly,,,578.78,0,0,,0,0,20.99,0.00,0.00,23.81,17.50,69.12,0,0,20.99,7.93,0,0,2023
1.2.1,048125530,Kristine Dougherty,M,18/02/2022,03/03/2022,05/03/2022,Fortnightly,,,6961.53,0,0,,0,0,0,0.00,0.00,0,30.00,2020.34,0,0,0,0,0,0,2022
1.2.2,048125530,Kristine Dougherty,M,04/03/2022,17/03/2022,19/03/2022,Fortnightly,,,6961.53,0,0,,0,0,0,0.00,0.00,0,30.00,2020.34,0,0,0,0,0,0,2022
1.2.3,048125530,Kristine Dougherty,M,18/03/2022,31/03/2022,02/04/2022,Fortnightly,,,6961.53,0,0,,0,0,0,0.00,0.00,0,30.00,2027.04,0,0,0,0,0,0,2023
1.2.4,048125530,Kristine Dougherty,M,01/04/2022,16/04/2022,16/04/2022,Fortnightly,,,6961.53,0,0,,0,0,0,0.00,0.00,0,30.00,2027.04,0,0,0,0,0,0,2023
1.2.5,048125530,Kristine Dougherty,M,15/04/2022,28/04/2022,30/04/2022,Fortnightly,,,6961.53,0,0,,0,0,0,0.00,0.00,0,30.00,2027.04,0,0,0,0,0,0,2023
1.3.1,048125786,Patricia Mangum,M,25/11/2022,01/12/2022,03/12/2022,Weekly,,,269.23,0,0,,0,0,0,0.00,0.00,0,10.50,32.19,0,0,0,0,0,0,2023
1.3.1,048125794,Lois Joseph,M,25/11/2022,01/12/2022,03/12/2022,Weekly,,,269.25,0,0,,0,0,0,0.00,0.00,0,10.50,32.2,0,0,0,0,0,0,2023
1.3.1,048125808,Louis Rosenthal,M,25/11/2022,01/12/2022,03/12/2022,Weekly,,,923.08,0,0,,0,0,0,0.00,0.00,0,17.50,156.16,0,0,0,0,0,0,2023
1.3.1,048125816,Christina Bowden,M,25/11/2022,01/12/2022,03/12/2022,Weekly,,,923.1,0,0,,0,0,0,0.00,0.00,0,17.50,156.17,0,0,0,0,0,0,2023
1.3.1,048125824,Darlene Barton,M,25/11/2022,01/12/2022,03/12/2022,Weekly,,,1346.15,0,0,,0,0,0,0.00,0.00,0,30.00,289.26,0,0,0,0,0,0,2023
1.3.1,048125832,Harvey Underwood,M,25/11/2022,01/12/2022,03/12/2022,Weekly,,,1346.17,0,0,,0,0,0,0.00,0.00,0,30.00,289.26,0,0,0,0,0,0,2023
1.3.1,048130097,Ashley Gee,M,25/11/2022,01/12/2022,03/12/2022,Weekly,,,3461.54,0,0,,0,0,0,0.00,0.00,0,33.00,1006.02,0,0,0,0,0,0,2023
1.3.1,048130100,Gail Reid,M,25/11/2022,01/12/2022,03/12/2022,Weekly,,,3461.56,0,0,,0,0,0,0.00,0.00,0,33.00,1006.03,0,0,0,0,0,0,2023
1.3.1,048126022,Allan Marsh,M,25/11/2022,01/12/2022,03/12/2022,Weekly,,,2625.83,0,0,,0,0,0,0.00,0.00,0,33.00,730.24,0,0,0,0,0,0,2023
1.3.1,048126030,Melanie Hewitt,M,25/11/2022,01/12/2022,03/12/2022,Weekly,,,2625.86,0,0,,0,0,0,0.00,0.00,0,33.00,730.25,0,0,0,0,0,0,2023
1.3.1,048126286,Dana McLean,M,25/11/2022,01/12/2022,03/12/2022,Weekly,,,408,0,0,,0,0,0,0.00,0.00,0,17.50,58.51,0,0,0,0,0,0,2023
1.3.1,048175660,Max Schultz,M,25/11/2022,01/12/2022,03/12/2022,Weekly,,,510,0,0,,0,0,0,0.00,0.00,0,17.50,77.84,0,0,0,0,0,0,2023
1.3.2,048125786,Patricia Mangum,M,02/12/2022,08/12/2022,10/12/2022,Weekly,,,269.23,0,0,,0,0,0,0.00,0.00,0,10.50,32.19,0,0,0,0,0,0,2023
1.3.2,048125794,Lois Joseph,M,02/12/2022,08/12/2022,10/12/2022,Weekly,,,269.25,0,0,,0,0,0,0.00,0.00,0,10.50,32.2,0,0,0,0,0,0,2023
1.3.2,048125808,Louis Rosenthal,M,02/12/2022,08/12/2022,10/12/2022,Weekly,,,923.08,0,0,,0,0,0,0.00,0.00,0,17.50,156.16,0,0,0,0,0,0,2023
1.3.2,048125816,Christina Bowden,M,02/12/2022,08/12/2022,10/12/2022,Weekly,,,923.1,0,0,,0,0,0,0.00,0.00,0,17.50,156.17,0,0,0,0,0,0,2023
1.3.2,048125824,Darlene Barton,M,02/12/2022,08/12/2022,10/12/2022,Weekly,,,1346.15,0,0,,0,0,0,0.00,0.00,0,30.00,289.26,0,0,0,0,0,0,2023
1.3.2,048125832,Harvey Underwood,M,02/12/2022,08/12/2022,10/12/2022,Weekly,,,1346.17,0,0,,0,0,0,0.00,0.00,0,30.00,289.26,0,0,0,0,0,0,2023
1.3.2,048126022,Allan Marsh,M,02/12/2022,08/12/2022,10/12/2022,Weekly,,,2625.83,0,0,,0,0,0,0.00,0.00,0,33.00,730.24,0,0,0,0,0,0,2023
1.3.2,048126030,Melanie Hewitt,M,02/12/2022,08/12/2022,10/12/2022,Weekly,,,2625.86,0,0,,0,0,0,0.00,0.00,0,33.00,730.25,0,0,0,0,0,0,2023
1.3.2,048126286,Dana McLean,M,02/12/2022,08/12/2022,10/12/2022,Weekly,,,408,0,0,,0,0,0,0.00,0.00,0,17.50,58.51,0,0,0,0,0,0,2023
1.3.2,048175660,Max Schultz,M,02/12/2022,08/12/2022,10/12/2022,Weekly,,,510,0,0,,0,0,0,0.00,0.00,0,17.50,77.84,0,0,0,0,0,0,2023
1.3.2,048125840,William Jones,M,25/11/2022,08/12/2022,10/12/2022,Fortnightly,,,538.46,0,0,,0,0,0,0.00,0.00,0,10.50,64.38,0,0,0,0,0,0,2023
1.3.2,048125859,Frederick Baker,M,25/11/2022,08/12/2022,10/12/2022,Fortnightly,,,538.5,0,0,,0,0,0,0.00,0.00,0,10.50,64.4,0,0,0,0,0,0,2023
1.3.2,048125867,Shirley Merritt,M,25/11/2022,08/12/2022,10/12/2022,Fortnightly,,,1846.15,0,0,,0,0,0,0.00,0.00,0,17.50,312.32,0,0,0,0,0,0,2023
1.3.2,048125875,Jason Cross,M,25/11/2022,08/12/2022,10/12/2022,Fortnightly,,,1846.19,0,0,,0,0,0,0.00,0.00,0,17.50,312.32,0,0,0,0,0,0,2023
1.3.2,048125883,Judith Cooper,M,25/11/2022,08/12/2022,10/12/2022,Fortnightly,,,2692.31,0,0,,0,0,0,0.00,0.00,0,30.00,578.52,0,0,0,0,0,0,2023
1.3.2,048125891,Getchen Holmes,M,25/11/2022,08/12/2022,10/12/2022,Fortnightly,,,2692.35,0,0,,0,0,0,0.00,0.00,0,30.00,578.54,0,0,0,0,0,0,2023
1.3.2,048130119,Ryan Noble,M,25/11/2022,08/12/2022,10/12/2022,Fortnightly,,,6923.07,0,0,,0,0,0,0.00,0.00,0,33.00,2012.04,0,0,0,0,0,0,2023
1.3.2,048130127,Sam Parker,M,25/11/2022,08/12/2022,10/12/2022,Fortnightly,,,6923.11,0,0,,0,0,0,0.00,0.00,0,33.00,2012.04,0,0,0,0,0,0,2023
1.3.2,048126049,Marianne Branch,M,25/11/2022,08/12/2022,10/12/2022,Fortnightly,,,5251.66,0,0,,0,0,0,0.00,0.00,0,33.00,1460.48,0,0,0,0,0,0,2023
1.3.2,048126057,Natalie Walton,M,25/11/2022,08/12/2022,10/12/2022,Fortnightly,,,5251.73,0,0,,0,0,0,0.00,0.00,0,33.00,1460.5,0,0,0,0,0,0,2023
1.3.2,048175678,Jennifer Christian,M,25/11/2022,08/12/2022,10/12/2022,Fortnightly,,,816,0,0,,0,0,0,0.00,0.00,0,17.50,117.02,0,0,0,0,0,0,2023
1.3.2,048125891,Holly Perez,M,25/11/2022,08/12/2022,10/12/2022,Fortnightly,,,1020,0,0,,0,0,0,0.00,0.00,0,17.50,155.68,0,0,0,0,0,0,2023
1.3.3,048125786,Patricia Mangum,M,09/12/2022,15/12/2022,17/12/2022,Weekly,,,269.23,0,0,,0,0,0,0.00,0.00,0,10.50,32.19,0,0,0,0,0,0,2023
1.3.3,048125794,Lois Joseph,M,09/12/2022,15/12/2022,17/12/2022,Weekly,,,269.25,0,0,,0,0,0,0.00,0.00,0,10.50,32.2,0,0,0,0,0,0,2023
1.3.3,048125808,Louis Rosenthal,M,09/12/2022,15/12/2022,17/12/2022,Weekly,,,923.08,0,0,,0,0,0,0.00,0.00,0,17.50,156.16,0,0,0,0,0,0,2023
1.3.3,048125816,Christina Bowden,M,09/12/2022,15/12/2022,17/12/2022,Weekly,,,923.1,0,0,,0,0,0,0.00,0.00,0,17.50,156.17,0,0,0,0,0,0,2023
1.3.3,048125824,Darlene Barton,M,09/12/2022,15/12/2022,17/12/2022,Weekly,,,1346.15,0,0,,0,0,0,0.00,0.00,0,30.00,289.26,0,0,0,0,0,0,2023
1.3.3,048125832,Harvey Underwood,M,09/12/2022,15/12/2022,17/12/2022,Weekly,,,1346.17,0,0,,0,0,0,0.00,0.00,0,30.00,289.26,0,0,0,0,0,0,2023
1.3.3,048126022,Allan Marsh,M,09/12/2022,15/12/2022,17/12/2022,Weekly,,,2625.83,0,0,,0,0,0,0.00,0.00,0,33.00,730.24,0,0,0,0,0,0,2023
1.3.3,048126030,Melanie Hewitt,M,09/12/2022,15/12/2022,17/12/2022,Weekly,,,2625.86,0,0,,0,0,0,0.00,0.00,0,33.00,730.25,0,0,0,0,0,0,2023
1.3.3,048126286,Dana McLean,M,09/12/2022,15/12/2022,17/12/2022,Weekly,,,408,0,0,,0,0,0,0.00,0.00,0,17.50,58.51,0,0,0,0,0,0,2023
1.3.3,048175660,Max Schultz,M,09/12/2022,15/12/2022,17/12/2022,Weekly,,,510,0,0,,0,0,0,0.00,0.00,0,17.50,77.84,0,0,0,0,0,0,2023
1.3.4,048125786,Patricia Mangum,M,16/12/2022,22/12/2022,24/12/2022,Weekly,,,269.23,0,0,,0,0,0,0.00,0.00,0,10.50,32.19,0,0,0,0,0,0,2023
1.3.4,048125794,Lois Joseph,M,16/12/2022,22/12/2022,24/12/2022,Weekly,,,269.25,0,0,,0,0,0,0.00,0.00,0,10.50,32.2,0,0,0,0,0,0,2023
1.3.4,048125808,Louis Rosenthal,M,16/12/2022,22/12/2022,24/12/2022,Weekly,,,923.08,0,0,,0,0,0,0.00,0.00,0,17.50,156.16,0,0,0,0,0,0,2023
1.3.4,048125816,Christina Bowden,M,16/12/2022,22/12/2022,24/12/2022,Weekly,,,923.1,0,0,,0,0,0,0.00,0.00,0,17.50,156.17,0,0,0,0,0,0,2023
1.3.4,048125824,Darlene Barton,M,16/12/2022,22/12/2022,24/12/2022,Weekly,,,1346.15,0,0,,0,0,0,0.00,0.00,0,30.00,289.26,0,0,0,0,0,0,2023
1.3.4,048125832,Harvey Underwood,M,16/12/2022,22/12/2022,24/12/2022,Weekly,,,1346.17,0,0,,0,0,0,0.00,0.00,0,30.00,289.26,0,0,0,0,0,0,2023
1.3.4,048126022,Allan Marsh,M,16/12/2022,22/12/2022,24/12/2022,Weekly,,,2625.83,0,0,,0,0,0,0.00,0.00,0,33.00,730.24,0,0,0,0,0,0,2023
1.3.4,048126030,Melanie Hewitt,M,16/12/2022,22/12/2022,24/12/2022,Weekly,,,2625.86,0,0,,0,0,0,0.00,0.00,0,33.00,730.25,0,0,0,0,0,0,2023
1.3.4,048126286,Dana McLean,M,16/12/2022,22/12/2022,24/12/2022,Weekly,,,408,0,0,,0,0,0,0.00,0.00,0,17.50,58.51,0,0,0,0,0,0,2023
1.3.4,048175660,Max Schultz,M,16/12/2022,22/12/2022,24/12/2022,Weekly,,,510,0,0,,0,0,0,0.00,0.00,0,17.50,77.84,0,0,0,0,0,0,2023
1.3.4,048125840,William Jones,M,09/12/2022,22/12/2022,24/12/2022,Fortnightly,,,538.46,0,0,,0,0,0,0.00,0.00,0,10.50,64.38,0,0,0,0,0,0,2023
1.3.4,048125859,Frederick Baker,M,09/12/2022,22/12/2022,24/12/2022,Fortnightly,,,538.5,0,0,,0,0,0,0.00,0.00,0,10.50,64.4,0,0,0,0,0,0,2023
1.3.4,048125867,Shirley Merritt,M,09/12/2022,22/12/2022,24/12/2022,Fortnightly,,,1846.15,0,0,,0,0,0,0.00,0.00,0,17.50,312.32,0,0,0,0,0,0,2023
1.3.4,048125875,Jason Cross,M,09/12/2022,22/12/2022,24/12/2022,Fortnightly,,,1846.19,0,0,,0,0,0,0.00,0.00,0,17.50,312.32,0,0,0,0,0,0,2023
1.3.4,048125883,Judith Cooper,M,09/12/2022,22/12/2022,24/12/2022,Fortnightly,,,2692.31,0,0,,0,0,0,0.00,0.00,0,30.00,578.52,0,0,0,0,0,0,2023
1.3.4,048125891,Getchen Holmes,M,09/12/2022,22/12/2022,24/12/2022,Fortnightly,,,2692.35,0,0,,0,0,0,0.00,0.00,0,30.00,578.54,0,0,0,0,0,0,2023
1.3.4,048126049,Marianne Branch,M,09/12/2022,22/12/2022,24/12/2022,Fortnightly,,,5251.66,0,0,,0,0,0,0.00,0.00,0,33.00,1460.48,0,0,0,0,0,0,2023
1.3.4,048126057,Natalie Walton,M,09/12/2022,22/12/2022,24/12/2022,Fortnightly,,,5251.73,0,0,,0,0,0,0.00,0.00,0,33.00,1460.5,0,0,0,0,0,0,2023
1.3.4,048175678,Jennifer Christian,M,09/12/2022,22/12/2022,24/12/2022,Fortnightly,,,816,0,0,,0,0,0,0.00,0.00,0,17.50,117.02,0,0,0,0,0,0,2023
1.3.4,048125891,Holly Perez,M,09/12/2022,22/12/2022,24/12/2022,Fortnightly,,,1020,0,0,,0,0,0,0.00,0.00,0,17.50,155.68,0,0,0,0,0,0,2023
1.3.4,048125905,Don Sharpe,M,01/12/2022,29/12/2022,24/12/2022,4 weekly,,,1076.92,0,0,,0,0,0,0.00,0.00,0,10.50,128.76,0,0,0,0,0,0,2023
1.3.4,048125913,Glenda Morgan,M,01/12/2022,29/12/2022,24/12/2022,4 weekly,,,1077,0,0,,0,0,0,0.00,0.00,0,10.50,128.8,0,0,0,0,0,0,2023
1.3.4,048125921,Scott Hoyle,M,01/12/2022,29/12/2022,24/12/2022,4 weekly,,,3692.31,0,0,,0,0,0,0.00,0.00,0,17.50,624.64,0,0,0,0,0,0,2023
1.3.4,048125930,Pat Allen,M,01/12/2022,29/12/2022,24/12/2022,4 weekly,,,3692.38,0,0,,0,0,0,0.00,0.00,0,17.50,624.64,0,0,0,0,0,0,2023
1.3.4,048125948,Michelle Rich,M,01/12/2022,29/12/2022,24/12/2022,4 weekly,,,5384.62,0,0,,0,0,0,0.00,0.00,0,30.00,1157.04,0,0,0,0,0,0,2023
1.3.4,048125956,Jessica Rich,M,01/12/2022,29/12/2022,24/12/2022,4 weekly,,,5384.69,0,0,,0,0,0,0.00,0.00,0,30.00,1157.04,0,0,0,0,0,0,2023
1.3.4,048130135,Ruby Walton,M,01/12/2022,29/12/2022,24/12/2022,4 weekly,,,13846.15,0,0,,0,0,0,0.00,0.00,0,33.00,4024.08,0,0,0,0,0,0,2023
1.3.4,048130143,Tim Vogel,M,01/12/2022,29/12/2022,24/12/2022,4 weekly,,,13846.23,0,0,,0,0,0,0.00,0.00,0,33.00,4024.08,0,0,0,0,0,0,2023
1.3.4,048126065,Caroline O'Brien,M,01/12/2022,29/12/2022,24/12/2022,4 weekly,,,10503.31,0,0,,0,0,0,0.00,0.00,0,33.00,2920.96,0,0,0,0,0,0,2023
1.3.4,048126073,Arlene Case,M,01/12/2022,29/12/2022,24/12/2022,4 weekly,,,10503.47,0,0,,0,0,0,0.00,0.00,0,33.00,2921,0,0,0,0,0,0,2023
1.3.4,048126308,Brett Lamb,M,01/12/2022,29/12/2022,24/12/2022,4 weekly,,,1632,0,0,,0,0,0,0.00,0.00,0,17.50,234.04,0,0,0,0,0,0,2023
1.3.4,048175686,Margaret Vogel,M,01/12/2022,29/12/2022,24/12/2022,4 weekly,,,2040,0,0,,0,0,0,0.00,0.00,0,17.50,311.36,0,0,0,0,0,0,2023
1.3.5,048125964,Evan Grant,M,01/12/2022,31/12/2022,20/12/2022,Monthly,,,1166.66,0,0,,0,0,0,0.00,0.00,0,10.50,139.49,0,0,0,0,0,0,2023
1.3.5,048125972,Melinda Proctor,M,01/12/2022,31/12/2022,20/12/2022,Monthly,,,1166.75,0,0,,0,0,0,0.00,0.00,0,10.50,139.53,0,0,0,0,0,0,2023
1.3.5,048125980,Calvin Diaz,M,01/12/2022,31/12/2022,20/12/2022,Monthly,,,4000,0,0,,0,0,0,0.00,0.00,0,17.50,676.69,0,0,0,0,0,0,2023
1.3.5,048125999,Eugene Graham,M,01/12/2022,31/12/2022,20/12/2022,Monthly,,,4000.08,0,0,,0,0,0,0.00,0.00,0,17.50,676.69,0,0,0,0,0,0,2023
1.3.5,048126006,Vickie Watkins,M,01/12/2022,31/12/2022,20/12/2022,Monthly,,,5833.33,0,0,,0,0,0,0.00,0.00,0,30.00,1253.46,0,0,0,0,0,0,2023
1.3.5,048126014,Luis Hinton,M,01/12/2022,31/12/2022,20/12/2022,Monthly,,,5833.42,0,0,,0,0,0,0.00,0.00,0,30.00,1253.5,0,0,0,0,0,0,2023
1.3.5,048130151,Rachel Mather,M,01/12/2022,31/12/2022,20/12/2022,Monthly,,,15000,0,0,,0,0,0,0.00,0.00,0,33.00,4359.42,0,0,0,0,0,0,2023
1.3.5,048130178,Mary Lewis,M,01/12/2022,31/12/2022,20/12/2022,Monthly,,,15000.08,0,0,,0,0,0,0.00,0.00,0,33.00,4359.42,0,0,0,0,0,0,2023
1.3.5,048126081,Kyle Watts,M,01/12/2022,31/12/2022,20/12/2022,Monthly,,,11378.59,0,0,,0,0,0,0.00,0.00,0,33.00,3164.37,0,0,0,0,0,0,2023
1.3.5,048126093,Calvin Christensen,M,01/12/2022,31/12/2022,20/12/2022,Monthly,,,11378.75,0,0,,0,0,0,0.00,0.00,0,33.00,3164.41,0,0,0,0,0,0,2023
1.3.5,048126278,Curtis Love,M,01/12/2022,31/12/2022,20/12/2022,Monthly,,,1768,0,0,,0,0,0,0.00,0.00,0,17.50,253.54,0,0,0,0,0,0,2023
1.3.5,048175694,Peter Kenney,M,01/12/2022,31/12/2022,20/12/2022,Monthly,,,2210,0,0,,0,0,0,0.00,0.00,0,17.50,337.3,0,0,0,0,0,0,2023
1.4.1,048126103,Gary Parks,M,30/12/2022,26/01/2023,30/01/2023,4 weekly,,,1923.04,0,0,,0,0,0,8.00,8.00,780,17.50,289.2,153.84,127.07,0,259.99,0,26.77,2023
1.4.1,048126111,Samantha Hardin,M,30/12/2022,26/01/2023,30/01/2023,4 weekly,,,1923.04,0,0,,0,0,0,8.00,8.00,1015.5,17.50,289.2,153.84,127.07,0,261.13,0,26.77,2023
1.5.1,048126125,Sara Lucas,M,18/03/2022,31/03/2022,02/04/2022,Fortnightly,,,1153.83,0,0,,0,0,360.71,4.00,4.00,0,17.50,181.06,46.15,38.1,360.71,0,0,8.05,2023
1.5.2,048126125,Sara Lucas,M,01/04/2022,14/04/2022,16/04/2022,Fortnightly,,,923.56,0,0,,0,0,360.71,4.00,4.00,0,17.50,137.4,36.94,30.64,319.85,0,0,6.3,2023
1.5.3,048126125,Sara Lucas,M,15/04/2022,28/04/2022,30/04/2022,Fortnightly,,,1153.83,0,0,,0,0,360.71,4.00,4.00,0,17.50,181.06,46.15,38.1,360.71,0,0,8.05,2023
1.6.1,048126128,Stacy Eason,M,01/04/2022,30/04/2022,20/04/2022,Monthly,02/04/2022,,21548.57,0,0,,0,0,0,4.00,4.00,0,33.00,6913.35,861.94,577.81,0,0,0,284.13,2023
1.6.1,048126146,Gladys Davidson,M,01/04/2022,30/04/2022,20/04/2022,Monthly,,28/04/2022,64645.71,43097.14,0,,0,0,0,0.00,0.00,0,33.00,23721.23,0,0,0,0,0,0,2023
1.7.1,048126154,Mike Whitehead,M,29/04/2022,05/05/2022,09/05/2022,Weekly,,,861.85,0,0,,0,0,0,3.00,3.00,0,10.50,144.55,25.85,23.23,0,0,0,2.62,2023
1.7.1,048126162,Lynne Rose,M,29/04/2022,05/05/2022,09/05/2022,Weekly,,,861.85,0,0,,0,0,0,3.00,3.00,0,17.50,144.55,25.85,21.48,0,0,0,4.37,2023
1.7.1,048126170,Faye Sparks,M,29/04/2022,05/05/2022,09/05/2022,Weekly,,,861.85,0,0,,0,0,0,3.00,3.00,0,30.00,144.55,25.85,18.35,0,0,0,7.5,2023
1.7.1,048126189,Diana Moore,M,29/04/2022,05/05/2022,09/05/2022,Weekly,,,861.85,0,0,,0,0,0,3.00,3.00,0,33.00,144.55,25.85,17.6,0,0,0,8.25,2023
1.7.1,048130186,Kendra Grey,M,29/04/2022,05/05/2022,09/05/2022,Weekly,,,861.85,0,0,,0,0,0,3.00,3.00,0,39.00,144.55,25.85,16.1,0,0,0,9.75,2023
1.7.1,048126197,Leon Pearson,M,29/04/2022,05/05/2022,09/05/2022,Weekly,,,861.85,0,0,,0,0,0,4.00,4.00,0,10.50,144.55,34.47,30.9,0,0,0,3.57,2023
1.7.1,048126200,Ethel Rodgers,M,29/04/2022,05/05/2022,09/05/2022,Weekly,,,861.85,0,0,,0,0,0,4.00,4.00,0,17.50,144.55,34.47,28.52,0,0,0,5.95,2023
1.7.1,048126219,Steve Graves,M,29/04/2022,05/05/2022,09/05/2022,Weekly,,,861.85,0,0,,0,0,0,4.00,4.00,0,30.00,144.55,34.47,24.27,0,0,0,10.2,2023
1.7.1,048126227,Alison Scarborough,M,29/04/2022,05/05/2022,09/05/2022,Weekly,,,861.85,0,0,,0,0,0,4.00,4.00,0,33.00,144.55,34.47,23.25,0,0,0,11.22,2023
1.7.1,048130208,Curtis Mansfield,M,29/04/2022,05/05/2022,09/05/2022,Weekly,,,861.85,0,0,,0,0,0,4.00,4.00,0,39.00,144.55,34.47,21.21,0,0,0,13.26,2023
1.7.1,048130216,Cathy McKee,M,29/04/2022,05/05/2022,09/05/2022,Weekly,,,861.85,0,0,,0,0,0,6.00,6.00,0,10.50,144.55,51.71,46.36,0,0,0,5.35,2023
1.7.1,048130232,Andrew Johnston,M,29/04/2022,05/05/2022,09/05/2022,Weekly,,,861.85,0,0,,0,0,0,6.00,6.00,0,17.50,144.55,51.71,42.79,0,0,0,8.92,2023
1.7.1,048130240,Michaela Jones,M,29/04/2022,05/05/2022,09/05/2022,Weekly,,,861.85,0,0,,0,0,0,6.00,6.00,0,30.00,144.55,51.71,36.41,0,0,0,15.3,2023
1.7.1,048130259,Patsy Wallace,M,29/04/2022,05/05/2022,09/05/2022,Weekly,,,861.85,0,0,,0,0,0,6.00,6.00,0,33.00,144.55,51.71,34.88,0,0,0,16.83,2023
1.7.1,048130267,Tony Reeves,M,29/04/2022,05/05/2022,09/05/2022,Weekly,,,861.85,0,0,,0,0,0,6.00,6.00,0,39.00,144.55,51.71,31.82,0,0,0,19.89,2023
1.7.1,048126235,Sherri Sutton,M,29/04/2022,05/05/2022,09/05/2022,Weekly,,,861.85,0,0,,0,0,0,8.00,8.00,0,10.50,144.55,68.94,61.8,0,0,0,7.14,2023
1.7.1,048126243,Patsy Sinclair,M,29/04/2022,05/05/2022,09/05/2022,Weekly,,,861.85,0,0,,0,0,0,8.00,8.00,0,17.50,144.55,68.94,57.04,0,0,0,11.9,2023
1.7.1,048126251,Kelly Bowman,M,29/04/2022,05/05/2022,09/05/2022,Weekly,,,861.85,0,0,,0,0,0,8.00,8.00,0,30.00,144.55,68.94,48.54,0,0,0,20.4,2023
1.7.1,048126267,Stacy Olsen,M,29/04/2022,05/05/2022,09/05/2022,Weekly,,,861.85,0,0,,0,0,0,8.00,8.00,0,33.00,144.55,68.94,46.5,0,0,0,22.44,2023
1.7.1,048130275,Peter Hughes,M,29/04/2022,05/05/2022,09/05/2022,Weekly,,,861.85,0,0,,0,0,0,8.00,8.00,0,39.00,144.55,68.94,42.42,0,0,0,26.52,2023
1.7.1,048130283,Humphrey Summer,M,29/04/2022,05/05/2022,09/05/2022,Weekly,,,861.85,0,0,,0,0,0,10.00,10.00,0,10.50,144.55,86.18,77.15,0,0,0,9.03,2023
1.7.1,048130291,Corey Moore,M,29/04/2022,05/05/2022,09/05/2022,Weekly,,,861.85,0,0,,0,0,0,10.00,10.00,0,17.50,144.55,86.18,71.13,0,0,0,15.05,2023
1.7.1,048130305,Moria Lambie,M,29/04/2022,05/05/2022,09/05/2022,Weekly,,,861.85,0,0,,0,0,0,10.00,10.00,0,30.00,144.55,86.18,60.38,0,0,0,25.8,2023
1.7.1,048130402,Nancy Key,M,29/04/2022,05/05/2022,09/05/2022,Weekly,,,861.85,0,0,,0,0,0,10.00,10.00,0,33.00,144.55,86.18,57.8,0,0,0,28.38,2023
1.7.1,048130410,Charlotte King,M,29/04/2022,05/05/2022,09/05/2022,Weekly,,,861.85,0,0,,0,0,0,10.00,10.00,0,39.00,144.55,86.18,52.64,0,0,0,33.54,2023
1.7.2,048126154,Mike Whitehead,M,06/05/2022,12/05/2022,16/05/2022,Weekly,,,861.85,0,0,,0,0,0,3.00,3.00,0,10.50,144.55,25.85,23.23,0,0,0,2.62,2023
1.7.2,048126162,Lynne Rose,M,06/05/2022,12/05/2022,16/05/2022,Weekly,,,861.85,0,0,,0,0,0,3.00,3.00,0,17.50,144.55,25.85,21.48,0,0,0,4.37,2023
1.7.2,048126170,Faye Sparks,M,06/05/2022,12/05/2022,16/05/2022,Weekly,,,861.85,0,0,,0,0,0,3.00,3.00,0,30.00,144.55,25.85,18.35,0,0,0,7.5,2023
1.7.2,048126189,Diana Moore,M,06/05/2022,12/05/2022,16/05/2022,Weekly,,,861.85,0,0,,0,0,0,3.00,3.00,0,33.00,144.55,25.85,17.6,0,0,0,8.25,2023
1.7.2,048130186,Kendra Grey,M,06/05/2022,12/05/2022,16/05/2022,Weekly,,,861.85,0,0,,0,0,0,3.00,3.00,0,39.00,144.55,25.85,16.1,0,0,0,9.75,2023
1.7.2,048126197,Leon Pearson,M,06/05/2022,12/05/2022,16/05/2022,Weekly,,,861.85,0,0,,0,0,0,4.00,4.00,0,10.50,144.55,34.47,30.9,0,0,0,3.57,2023
1.7.2,048126200,Ethel Rodgers,M,06/05/2022,12/05/2022,16/05/2022,Weekly,,,861.85,0,0,,0,0,0,4.00,4.00,0,17.50,144.55,34.47,28.52,0,0,0,5.95,2023
1.7.2,048126219,Steve Graves,M,06/05/2022,12/05/2022,16/05/2022,Weekly,,,861.85,0,0,,0,0,0,4.00,4.00,0,30.00,144.55,34.47,24.27,0,0,0,10.2,2023
1.7.2,048126227,Alison Scarborough,M,06/05/2022,12/05/2022,16/05/2022,Weekly,,,861.85,0,0,,0,0,0,4.00,4.00,0,33.00,144.55,34.47,23.25,0,0,0,11.22,2023
1.7.2,048130208,Curtis Mansfield,M,06/05/2022,12/05/2022,16/05/2022,Weekly,,,861.85,0,0,,0,0,0,4.00,4.00,0,39.00,144.55,34.47,21.21,0,0,0,13.26,2023
1.7.2,048130216,Cathy McKee,M,06/05/2022,12/05/2022,16/05/2022,Weekly,,,861.85,0,0,,0,0,0,6.00,6.00,0,10.50,144.55,51.71,46.36,0,0,0,5.35,2023
1.7.2,048130232,Andrew Johnston,M,06/05/2022,12/05/2022,16/05/2022,Weekly,,,861.85,0,0,,0,0,0,6.00,6.00,0,17.50,144.55,51.71,42.79,0,0,0,8.92,2023
1.7.2,048130240,Michaela Jones,M,06/05/2022,12/05/2022,16/05/2022,Weekly,,,861.85,0,0,,0,0,0,6.00,6.00,0,30.00,144.55,51.71,36.41,0,0,0,15.3,2023
1.7.2,048130259,Patsy Wallace,M,06/05/2022,12/05/2022,16/05/2022,Weekly,,,861.85,0,0,,0,0,0,6.00,6.00,0,33.00,144.55,51.71,34.88,0,0,0,16.83,2023
1.7.2,048130267,Tony Reeves,M,06/05/2022,12/05/2022,16/05/2022,Weekly,,,861.85,0,0,,0,0,0,6.00,6.00,0,39.00,144.55,51.71,31.82,0,0,0,19.89,2023
1.7.2,048126235,Sherri Sutton,M,06/05/2022,12/05/2022,16/05/2022,Weekly,,,861.85,0,0,,0,0,0,8.00,8.00,0,10.50,144.55,68.94,61.8,0,0,0,7.14,2023
1.7.2,048126243,Patsy Sinclair,M,06/05/2022,12/05/2022,16/05/2022,Weekly,,,861.85,0,0,,0,0,0,8.00,8.00,0,17.50,144.55,68.94,57.04,0,0,0,11.9,2023
1.7.2,048126251,Kelly Bowman,M,06/05/2022,12/05/2022,16/05/2022,Weekly,,,861.85,0,0,,0,0,0,8.00,8.00,0,30.00,144.55,68.94,48.54,0,0,0,20.4,2023
1.7.2,048126267,Stacy Olsen,M,06/05/2022,12/05/2022,16/05/2022,Weekly,,,861.85,0,0,,0,0,0,8.00,8.00,0,33.00,144.55,68.94,46.5,0,0,0,22.44,2023
1.7.2,048130275,Peter Hughes,M,06/05/2022,12/05/2022,16/05/2022,Weekly,,,861.85,0,0,,0,0,0,8.00,8.00,0,39.00,144.55,68.94,42.42,0,0,0,26.52,2023
1.7.2,048130283,Humphrey Summer,M,06/05/2022,12/05/2022,16/05/2022,Weekly,,,861.85,0,0,,0,0,0,8.00,8.00,0,10.50,144.55,68.94,61.8,0,0,0,7.14,2023
1.7.2,048130291,Corey Moore,M,06/05/2022,12/05/2022,16/05/2022,Weekly,,,861.85,0,0,,0,0,0,8.00,8.00,0,17.50,144.55,68.94,57.04,0,0,0,11.9,2023
1.7.2,048130305,Moria Lambie,M,06/05/2022,12/05/2022,16/05/2022,Weekly,,,861.85,0,0,,0,0,0,8.00,8.00,0,30.00,144.55,68.94,48.54,0,0,0,20.4,2023
1.7.2,048130402,Nancy Key,M,06/05/2022,12/05/2022,16/05/2022,Weekly,,,861.85,0,0,,0,0,0,8.00,8.00,0,33.00,144.55,68.94,46.5,0,0,0,22.44,2023
1.7.2,048130410,Charlotte King,M,06/05/2022,12/05/2022,16/05/2022,Weekly,,,861.85,0,0,,0,0,0,8.00,8.00,0,39.00,144.55,68.94,42.42,0,0,0,26.52,2023
1.7.3,048126154,Mike Whitehead,M,13/05/2022,19/05/2022,23/05/2022,Weekly,,,861.85,0,0,,0,0,0,3.00,3.00,0,10.50,144.55,25.85,23.23,0,0,0,2.62,2023
1.7.3,048126162,Lynne Rose,M,13/05/2022,19/05/2022,23/05/2022,Weekly,,,861.85,0,0,,0,0,0,3.00,3.00,0,17.50,144.55,25.85,21.48,0,0,0,4.37,2023
1.7.3,048126170,Faye Sparks,M,13/05/2022,19/05/2022,23/05/2022,Weekly,,,861.85,0,0,,0,0,0,3.00,3.00,0,30.00,144.55,25.85,18.35,0,0,0,7.5,2023
1.7.3,048126189,Diana Moore,M,13/05/2022,19/05/2022,23/05/2022,Weekly,,,861.85,0,0,,0,0,0,3.00,3.00,0,33.00,144.55,25.85,17.6,0,0,0,8.25,2023
1.7.3,048130186,Kendra Grey,M,13/05/2022,19/05/2022,23/05/2022,Weekly,,,861.85,0,0,,0,0,0,3.00,3.00,0,39.00,144.55,25.85,16.1,0,0,0,9.75,2023
1.7.3,048126197,Leon Pearson,M,13/05/2022,19/05/2022,23/05/2022,Weekly,,,861.85,0,0,,0,0,0,4.00,4.00,0,10.50,144.55,34.47,30.9,0,0,0,3.57,2023
1.7.3,048126200,Ethel Rodgers,M,13/05/2022,19/05/2022,23/05/2022,Weekly,,,861.85,0,0,,0,0,0,4.00,4.00,0,17.50,144.55,34.47,28.52,0,0,0,5.95,2023
1.7.3,048126219,Steve Graves,M,13/05/2022,19/05/2022,23/05/2022,Weekly,,,861.85,0,0,,0,0,0,4.00,4.00,0,30.00,144.55,34.47,24.27,0,0,0,10.2,2023
1.7.3,048126227,Alison Scarborough,M,13/05/2022,19/05/2022,23/05/2022,Weekly,,,861.85,0,0,,0,0,0,4.00,4.00,0,33.00,144.55,34.47,23.25,0,0,0,11.22,2023
1.7.3,048130208,Curtis Mansfield,M,13/05/2022,19/05/2022,23/05/2022,Weekly,,,861.85,0,0,,0,0,0,4.00,4.00,0,39.00,144.55,34.47,21.21,0,0,0,13.26,2023
1.7.3,048130216,Cathy McKee,M,13/05/2022,19/05/2022,23/05/2022,Weekly,,,861.85,0,0,,0,0,0,6.00,6.00,0,10.50,144.55,51.71,46.36,0,0,0,5.35,2023
1.7.3,048130232,Andrew Johnston,M,13/05/2022,19/05/2022,23/05/2022,Weekly,,,861.85,0,0,,0,0,0,6.00,6.00,0,17.50,144.55,51.71,42.79,0,0,0,8.92,2023
1.7.3,048130240,Michaela Jones,M,13/05/2022,19/05/2022,23/05/2022,Weekly,,,861.85,0,0,,0,0,0,6.00,6.00,0,30.00,144.55,51.71,36.41,0,0,0,15.3,2023
1.7.3,048130259,Patsy Wallace,M,13/05/2022,19/05/2022,23/05/2022,Weekly,,,861.85,0,0,,0,0,0,6.00,6.00,0,33.00,144.55,51.71,34.88,0,0,0,16.83,2023
1.7.3,048130267,Tony Reeves,M,13/05/2022,19/05/2022,23/05/2022,Weekly,,,861.85,0,0,,0,0,0,6.00,6.00,0,39.00,144.55,51.71,31.82,0,0,0,19.89,2023
1.7.3,048126235,Sherri Sutton,M,13/05/2022,19/05/2022,23/05/2022,Weekly,,,861.85,0,0,,0,0,0,8.00,8.00,0,10.50,144.55,68.94,61.8,0,0,0,7.14,2023
1.7.3,048126243,Patsy Sinclair,M,13/05/2022,19/05/2022,23/05/2022,Weekly,,,861.85,0,0,,0,0,0,8.00,8.00,0,17.50,144.55,68.94,57.04,0,0,0,11.9,2023
1.7.3,048126251,Kelly Bowman,M,13/05/2022,19/05/2022,23/05/2022,Weekly,,,861.85,0,0,,0,0,0,8.00,8.00,0,30.00,144.55,68.94,48.54,0,0,0,20.4,2023
1.7.3,048126267,Stacy Olsen,M,13/05/2022,19/05/2022,23/05/2022,Weekly,,,861.85,0,0,,0,0,0,8.00,8.00,0,33.00,144.55,68.94,46.5,0,0,0,22.44,2023
1.7.3,048130275,Peter Hughes,M,13/05/2022,19/05/2022,23/05/2022,Weekly,,,861.85,0,0,,0,0,0,8.00,8.00,0,39.00,144.55,68.94,42.42,0,0,0,26.52,2023
1.7.3,048130283,Humphrey Summer,M,13/05/2022,19/05/2022,23/05/2022,Weekly,,,861.85,0,0,,0,0,0,10.00,10.00,0,10.50,144.55,86.18,77.15,0,0,0,9.03,2023
1.7.3,048130291,Corey Moore,M,13/05/2022,19/05/2022,23/05/2022,Weekly,,,861.85,0,0,,0,0,0,10.00,10.00,0,17.50,144.55,86.18,71.13,0,0,0,15.05,2023
1.7.3,048130305,Moria Lambie,M,13/05/2022,19/05/2022,23/05/2022,Weekly,,,861.85,0,0,,0,0,0,10.00,10.00,0,30.00,144.55,86.18,60.38,0,0,0,25.8,2023
1.7.3,048130402,Nancy Key,M,13/05/2022,19/05/2022,23/05/2022,Weekly,,,861.85,0,0,,0,0,0,10.00,10.00,0,33.00,144.55,86.18,57.8,0,0,0,28.38,2023
1.7.3,048130410,Charlotte King,M,13/05/2022,19/05/2022,23/05/2022,Weekly,,,861.85,0,0,,0,0,0,10.00,10.00,0,39.00,144.55,86.18,52.64,0,0,0,33.54,2023
1.7.4,048126154,Mike Whitehead,M,20/05/2022,26/05/2022,30/05/2022,Weekly,,,861.85,0,0,,0,0,0,3.00,3.00,0,10.50,144.55,25.85,23.23,0,0,0,2.62,2023
1.7.4,048126162,Lynne Rose,M,20/05/2022,26/05/2022,30/05/2022,Weekly,,,861.85,0,0,,0,0,0,3.00,3.00,0,17.50,144.55,25.85,21.48,0,0,0,4.37,2023
1.7.4,048126170,Faye Sparks,M,20/05/2022,26/05/2022,30/05/2022,Weekly,,,861.85,0,0,,0,0,0,3.00,3.00,0,30.00,144.55,25.85,18.35,0,0,0,7.5,2023
1.7.4,048126189,Diana Moore,M,20/05/2022,26/05/2022,30/05/2022,Weekly,,,861.85,0,0,,0,0,0,3.00,3.00,0,33.00,144.55,25.85,17.6,0,0,0,8.25,2023
1.7.4,048130186,Kendra Grey,M,20/05/2022,26/05/2022,30/05/2022,Weekly,,,861.85,0,0,,0,0,0,3.00,3.00,0,39.00,144.55,25.85,16.1,0,0,0,9.75,2023
1.7.4,048126197,Leon Pearson,M,20/05/2022,26/05/2022,30/05/2022,Weekly,,,861.85,0,0,,0,0,0,4.00,4.00,0,10.50,144.55,34.47,30.9,0,0,0,3.57,2023
1.7.4,048126200,Ethel Rodgers,M,20/05/2022,26/05/2022,30/05/2022,Weekly,,,861.85,0,0,,0,0,0,4.00,4.00,0,17.50,144.55,34.47,28.52,0,0,0,5.95,2023
1.7.4,048126219,Steve Graves,M,20/05/2022,26/05/2022,30/05/2022,Weekly,,,861.85,0,0,,0,0,0,4.00,4.00,0,30.00,144.55,34.47,24.27,0,0,0,10.2,2023
1.7.4,048126227,Alison Scarborough,M,20/05/2022,26/05/2022,30/05/2022,Weekly,,,861.85,0,0,,0,0,0,4.00,4.00,0,33.00,144.55,34.47,23.25,0,0,0,11.22,2023
1.7.4,048130208,Curtis Mansfield,M,20/05/2022,26/05/2022,30/05/2022,Weekly,,,861.85,0,0,,0,0,0,6.00,6.00,0,39.00,144.55,51.71,31.82,0,0,0,19.89,2023
1.7.4,048130216,Cathy McKee,M,20/05/2022,26/05/2022,30/05/2022,Weekly,,,861.85,0,0,,0,0,0,6.00,6.00,0,10.50,144.55,51.71,46.36,0,0,0,5.35,2023
1.7.4,048130232,Andrew Johnston,M,20/05/2022,26/05/2022,30/05/2022,Weekly,,,861.85,0,0,,0,0,0,6.00,6.00,0,17.50,144.55,51.71,42.79,0,0,0,8.92,2023
1.7.4,048130240,Michaela Jones,M,20/05/2022,26/05/2022,30/05/2022,Weekly,,,861.85,0,0,,0,0,0,6.00,6.00,0,30.00,144.55,51.71,36.41,0,0,0,15.3,2023
1.7.4,048130259,Patsy Wallace,M,20/05/2022,26/05/2022,30/05/2022,Weekly,,,861.85,0,0,,0,0,0,6.00,6.00,0,33.00,144.55,51.71,34.88,0,0,0,16.83,2023
1.7.4,048130267,Tony Reeves,M,20/05/2022,26/05/2022,30/05/2022,Weekly,,,861.85,0,0,,0,0,0,6.00,6.00,0,39.00,144.55,51.71,31.82,0,0,0,19.89,2023
1.7.4,048126235,Sherri Sutton,M,20/05/2022,26/05/2022,30/05/2022,Weekly,,,861.85,0,0,,0,0,0,8.00,8.00,0,10.50,144.55,68.94,61.8,0,0,0,7.14,2023
1.7.4,048126243,Patsy Sinclair,M,20/05/2022,26/05/2022,30/05/2022,Weekly,,,861.85,0,0,,0,0,0,8.00,8.00,0,17.50,144.55,68.94,57.04,0,0,0,11.9,2023
1.7.4,048126251,Kelly Bowman,M,20/05/2022,26/05/2022,30/05/2022,Weekly,,,861.85,0,0,,0,0,0,8.00,8.00,0,30.00,144.55,68.94,48.54,0,0,0,20.4,2023
1.7.4,048126267,Stacy Olsen,M,20/05/2022,26/05/2022,30/05/2022,Weekly,,,861.85,0,0,,0,0,0,8.00,8.00,0,33.00,144.55,68.94,46.5,0,0,0,22.44,2023
1.7.4,048130275,Peter Hughes,M,20/05/2022,26/05/2022,30/05/2022,Weekly,,,861.85,0,0,,0,0,0,8.00,8.00,0,39.00,144.55,68.94,42.42,0,0,0,26.52,2023
1.7.4,048130283,Humphrey Summer,M,20/05/2022,26/05/2022,30/05/2022,Weekly,,,861.85,0,0,,0,0,0,10.00,10.00,0,10.50,144.55,86.18,77.15,0,0,0,9.03,2023
1.7.4,048130291,Corey Moore,M,20/05/2022,26/05/2022,30/05/2022,Weekly,,,861.85,0,0,,0,0,0,10.00,10.00,0,17.50,144.55,86.18,71.13,0,0,0,15.05,2023
1.7.4,048130305,Moria Lambie,M,20/05/2022,26/05/2022,30/05/2022,Weekly,,,861.85,0,0,,0,0,0,10.00,10.00,0,30.00,144.55,86.18,60.38,0,0,0,25.8,2023
1.7.4,048130402,Nancy Key,M,20/05/2022,26/05/2022,30/05/2022,Weekly,,,861.85,0,0,,0,0,0,10.00,10.00,0,33.00,144.55,86.18,57.8,0,0,0,28.38,2023
1.7.4,048130410,Charlotte King,M,20/05/2022,26/05/2022,30/05/2022,Weekly,,,861.85,0,0,,0,0,0,10.00,10.00,0,39.00,144.55,86.18,52.64,0,0,0,33.54,2023
1.8.1,048126278,Curtis Love,M,25/03/2022,31/03/2022,02/04/2022,Weekly,,,5924.87,0,0,,0,0,0,0.00,0.00,0,33.00,1966.72,0,0,0,0,0,0,2023
1.8.2,048126278,Curtis Love,M,01/04/2022,07/04/2022,09/04/2022,Weekly,,,5924.87,0,0,,0,0,0,0.00,0.00,0,33.00,1966.72,0,0,0,0,0,0,2023
1.8.3,048126278,Curtis Love,M,08/04/2022,14/04/2022,16/04/2022,Weekly,,,5924.87,0,0,,0,0,0,0.00,0.00,0,33.00,1966.72,0,0,0,0,0,0,2023
1.8.4,048126278,Curtis Love,M,15/04/2022,21/04/2022,23/04/2022,Weekly,,,5924.87,0,0,,0,0,0,0.00,0.00,0,33.00,1966.72,0,0,0,0,0,0,2023
1.8.5,048126278,Curtis Love,M,22/04/2022,28/04/2022,30/04/2022,Weekly,,,5924.87,0,0,,0,0,0,0.00,0.00,0,33.00,1966.72,0,0,0,0,0,0,2023
1.9.1,048130003,Wayne Weiner,M SL,01/11/2022,30/11/2022,20/11/2022,Monthly,,,2000,0,0,,0,0,0,0.00,0.00,0,0.00,297.52,0,0,0,0,27.32,0,2023
1.9.1,048130011,Nancy Durham,M SL,01/11/2022,30/11/2022,20/11/2022,Monthly,,,2000,0,0,,80,0,0,0.00,0.00,0,0.00,297.52,0,0,0,0,27.32,0,2023
1.9.1,048130028,Peter Guthrie,M SL,01/11/2022,30/11/2022,20/11/2022,Monthly,,,2000,0,0,,80,0,0,0.00,0.00,0,0.00,297.52,0,0,0,0,27.32,0,2023
1.9.1,048130038,Benjamin Hensley,M SL,01/11/2022,30/11/2022,20/11/2022,Monthly,,,1500,0,0,,80,0,0,0.00,0.00,0,0.00,202.71,0,0,0,0,0,0,2023
1.10.1,048130046,Derek Freedman,M SL,29/04/2022,26/05/2022,16/05/2022,4 weekly,,,3500,2500,0,,0,2500,0,3.00,3.00,0,17.50,1025.7,105,86.63,0,0,523.68,18.37,2023
1.10.1,048130054,Marlene Wiggins,M,29/04/2022,26/05/2022,16/05/2022,4 weekly,,,3500,2500,0,,0,2500,0,3.00,3.00,0,17.50,1025.7,105,86.63,0,0,0,18.37,2023
1.10.1,048130062,Clara Best,M,29/04/2022,26/05/2022,16/05/2022,4 weekly,,,3500,2500,0,,0,2500,0,3.00,3.00,0,17.50,588.2,105,86.63,0,0,0,18.37,2023
